0	degen-r75-m1-d0.0001-p0	500	a663849b6cc08bbdd74b59c8dfe62d2c
1	degen-r75-m1-d0.0001-p1	500	a5c955ad94cba60c7bafdbf7dd5a6cff
2	degen-r75-m1-d0.0001-p2	500	3d018bfb125d1807194812daaa2ec64c
3	degen-r75-m1-d0.0001-p3	500	ec29608b0c6b880020e2b2e4c5661f72
4	degen-r75-m1-d0.0001-p4	500	f501c095ed92089c67c72505eb30c3ba
5	degen-r75-m1-d1e-08-p0	500	309ea95d925c7787325e7c4a88b2d636
6	degen-r75-m1-d1e-08-p1	500	7f4f4a2a9246c0af6c5fba643a3d0f52
7	degen-r75-m1-d1e-08-p2	500	4224a52d107533a5e510b0b33f8df5b2
8	degen-r75-m1-d1e-08-p3	500	c6bfbc555a2d11f7576d49e3cd43afda
9	degen-r75-m1-d1e-08-p4	500	f8cafa82585dee24b5febf08c0169720
10	degen-r75-m1-d0-p0	500	b47fd1d873fc3546d0ee0e8add990907
11	degen-r75-m1-d0-p1	500	2f5910013219a33c5a3582f5732f8a0d
12	degen-r75-m1-d0-p2	500	50b8a965faa35eed6c298b2d135c2bf4
13	degen-r75-m1-d0-p3	500	8b2397cdbe0ed240de328424d6828865
14	degen-r75-m1-d0-p4	500	321d571ed69dbb6e0a5a641e6924dd19
15	degen-r75-m5-d0.0001-p0	500	4449a5243075053fcb96f8cc0550645a
16	degen-r75-m5-d0.0001-p1	500	4c03baeb6398b0296d6ea35f53069ff0
17	degen-r75-m5-d0.0001-p2	500	70e3abde8d4e8a50e14524270096c862
18	degen-r75-m5-d0.0001-p3	500	a43d250e02bec59256947d97cf9b79be
19	degen-r75-m5-d0.0001-p4	500	c8047a00b6907628a000f747896a1ef7
20	degen-r75-m5-d1e-08-p0	500	8bc6f2e9f579f937919a612bf1eef30b
21	degen-r75-m5-d1e-08-p1	500	6fc42a4a214bf592dfe8cf9ae5c4b1eb
22	degen-r75-m5-d1e-08-p2	500	4266a57127056d3b762c60581d970964
23	degen-r75-m5-d1e-08-p3	500	4895c09b5362c96566de5cea340c5273
24	degen-r75-m5-d1e-08-p4	500	e7e8f854391fd04ef0b28f99420e4460
25	degen-r75-m5-d0-p0	500	2dd69e61821504b7406f12350dff7685
26	degen-r75-m5-d0-p1	500	b71444419fbd09bc140b713ab2b11c26
27	degen-r75-m5-d0-p2	500	e88821f30b4b015c28bb597927c77924
28	degen-r75-m5-d0-p3	500	9cf4ea32df97091f7b76f7d47b1224de
29	degen-r75-m5-d0-p4	500	78d252f29dcca24e0fc77554091302e5
30	degen-r75-m20-d0.0001-p0	500	f20453e0cae3ddc7edc77860a895afa6
31	degen-r75-m20-d0.0001-p1	500	fd653d2c532ccb99e9dcd94d8e5348bc
32	degen-r75-m20-d0.0001-p2	500	737914107e13a2c539f46ee5a38c0c3d
33	degen-r75-m20-d0.0001-p3	500	8a4a7221e3f55380396a78cdd961b03f
34	degen-r75-m20-d0.0001-p4	500	2c7c330a750ac490fdb9a23407e01dd7
35	degen-r75-m20-d1e-08-p0	500	d5c7948395c06f075a4a45f7486995ba
36	degen-r75-m20-d1e-08-p1	500	4762e7c882b5c6b37f704e06b391a391
37	degen-r75-m20-d1e-08-p2	500	30a7b658c658e04aeb2bf5c5d6fdd7e4
38	degen-r75-m20-d1e-08-p3	500	cf9a00e11f91ce462e26894543ac492f
39	degen-r75-m20-d1e-08-p4	500	4f43c32cca745f5aed27a4f08e0a67b2
40	degen-r75-m20-d0-p0	500	3d0ef570f3c725a909c1a7cb10e68925
41	degen-r75-m20-d0-p1	500	1b1bf2282c368813a7c21081de0e1448
42	degen-r75-m20-d0-p2	500	accccaf874586f0215d7d159329bdd51
43	degen-r75-m20-d0-p3	500	d5a64275365d6ebb1e79bb4f9a1aca17
44	degen-r75-m20-d0-p4	500	d6e870b63ea6aa3bc37e966588b19aad
45	degen-r100-m1-d0.0001-p0	500	bc46457ea4ef026cfeb556b9a8dc835c
46	degen-r100-m1-d0.0001-p1	500	702621a170e141f0e69c65abecec698b
47	degen-r100-m1-d0.0001-p2	500	15461cf3de238c405d13ddc79457de73
48	degen-r100-m1-d0.0001-p3	500	821b72e025d1fb19b1e539fb698165d8
49	degen-r100-m1-d0.0001-p4	500	6ecc4b5f51bde1e5410c5ccdd26cf7d9
50	degen-r100-m1-d1e-08-p0	500	e702de252568822f633d1092b92ea172
51	degen-r100-m1-d1e-08-p1	500	233e4ff1c20886e8d6824ca4be372f12
52	degen-r100-m1-d1e-08-p2	500	5e4e946df7c7f4e96c5b8d9e4bb33be2
53	degen-r100-m1-d1e-08-p3	500	00767883cee99181b1a79d9e79ea65f0
54	degen-r100-m1-d1e-08-p4	500	0b5d5014db177a980ff56c73471ec8df
55	degen-r100-m1-d0-p0	500	183e70ff3801ff03eb3c137fee4fa2c0
56	degen-r100-m1-d0-p1	500	8741e7197b99604b32c4716b3bf0e0ad
57	degen-r100-m1-d0-p2	500	3f65ddf48f19556666beaab26c39a135
58	degen-r100-m1-d0-p3	500	fc9a435cc1f365017a984569b123ea81
59	degen-r100-m1-d0-p4	500	8f84327ecda186a031a905d10a279fa3
60	degen-r100-m5-d0.0001-p0	500	f8b46ebd4a4c40e7441e61d2201359f6
61	degen-r100-m5-d0.0001-p1	500	98909338eecf208c99fd2530b4e072b9
62	degen-r100-m5-d0.0001-p2	500	63676a054b3ec7ad501019df82408002
63	degen-r100-m5-d0.0001-p3	500	1c961ee3aaba91b04c87365608cd9df8
64	degen-r100-m5-d0.0001-p4	500	d91448958de6ca60c096babaaaf7e189
65	degen-r100-m5-d1e-08-p0	500	295294ce8040deba8e079fe5333265b1
66	degen-r100-m5-d1e-08-p1	500	83bcb37f8e057305cebb2d68843a4ff7
67	degen-r100-m5-d1e-08-p2	500	b3f1071179c27353da16892474463c39
68	degen-r100-m5-d1e-08-p3	500	469bb028585d8129e6516a6a1ff72e04
69	degen-r100-m5-d1e-08-p4	500	0219a2013bcaa509c23eb1250ec3c080
70	degen-r100-m5-d0-p0	500	78a1dc4a35e3d6de4219c209b6344f90
71	degen-r100-m5-d0-p1	500	9b3440a29d162c092f0c4d870c8ab2bf
72	degen-r100-m5-d0-p2	500	d329b710674e9457e7d00ab53b61854b
73	degen-r100-m5-d0-p3	500	ee88bc90815fa2e53ba702d030c20914
74	degen-r100-m5-d0-p4	500	047e578763e955d7d67fe350234f6f95
75	degen-r100-m20-d0.0001-p0	500	51a6ad98e7e4aa44974bab8c10769159
76	degen-r100-m20-d0.0001-p1	500	ad75c6fcb4e413c02edb6a3e9d7058dd
77	degen-r100-m20-d0.0001-p2	500	fc883529e2f85d7e03eeba81634f81c0
78	degen-r100-m20-d0.0001-p3	500	08ee378616ddc313090365f5632008f4
79	degen-r100-m20-d0.0001-p4	500	afc94095f6267d8dfc8cddeb7f296753
80	degen-r100-m20-d1e-08-p0	500	8bd6e603860ab28d8e7dca5648991f77
81	degen-r100-m20-d1e-08-p1	500	4534e7597e3d5ef66545082c529a6e8b
82	degen-r100-m20-d1e-08-p2	500	6ace65c4511b1a6a1a19a28dfe55ae6a
83	degen-r100-m20-d1e-08-p3	500	ad2155e955307913d6fe31af1d0d8aa4
84	degen-r100-m20-d1e-08-p4	500	759e7db1f6bb82b7f359e1f5a5b0b437
85	degen-r100-m20-d0-p0	500	9cd270d4590dc2b456fcefc0bb25982e
86	degen-r100-m20-d0-p1	500	666e60ddc5986088a5446e7e3b0c44f9
87	degen-r100-m20-d0-p2	500	0cafa494c6412a4bbbd4f30e1d88fda3
88	degen-r100-m20-d0-p3	500	4583449921effde8ad5e7c3492d407c7
89	degen-r100-m20-d0-p4	500	a3169c91ddb145bd6d696071385cd45b
90	degen-r150-m1-d0.0001-p0	500	3b4ea5fda7842d545b1d8263111ffcb7
91	degen-r150-m1-d0.0001-p1	500	b438c5a78304b29adb26d10932af8a52
92	degen-r150-m1-d0.0001-p2	500	eccea8b452bb97f24506204722f7da7f
93	degen-r150-m1-d0.0001-p3	500	72f2faa21845968d302e07264dd11079
94	degen-r150-m1-d0.0001-p4	500	5136fd9fa5d29c0af9ddc057086b6aea
95	degen-r150-m1-d1e-08-p0	500	9ddecf5b7c66cbbcbe09101648a2f835
96	degen-r150-m1-d1e-08-p1	500	45e0df07729dd30a2e45e9ac2e580b0a
97	degen-r150-m1-d1e-08-p2	500	c853e48b2c4c0bb461ac661f0d844c69
98	degen-r150-m1-d1e-08-p3	500	a3c32a96e6979cb4c02d3a0f08c7570b
99	degen-r150-m1-d1e-08-p4	500	5feb455d08832c835912fb310965c60c
100	degen-r150-m1-d0-p0	500	b356dfd9225657686274636fce0508b7
101	degen-r150-m1-d0-p1	500	a30fa2d5232b78aefaae3f15382a3305
102	degen-r150-m1-d0-p2	500	018dfa48423016f54fb2feb819ad20c8
103	degen-r150-m1-d0-p3	500	bd599d2485f3d5ffb9e57603ae02d9a0
104	degen-r150-m1-d0-p4	500	13272d29571147cb816af34c1953253b
105	degen-r150-m5-d0.0001-p0	500	eb2b55a1d4684b84e564bbe33dc9b548
106	degen-r150-m5-d0.0001-p1	500	6ecb4cdac5adc1e3625c0066a36ef1de
107	degen-r150-m5-d0.0001-p2	500	39fce3f52c3e6a06a7397f664a54a823
108	degen-r150-m5-d0.0001-p3	500	c8411e4c5d2c38d1bc0a0431ab566d25
109	degen-r150-m5-d0.0001-p4	500	8abc1a32c309de5738d91854f0f106d0
110	degen-r150-m5-d1e-08-p0	500	a8ad3bb8eca867f94f3fa8eb3eb1e689
111	degen-r150-m5-d1e-08-p1	500	0fbaa1fe12b3023f457ab2da12dd235e
112	degen-r150-m5-d1e-08-p2	500	7a32c1b15a91a61957a3d9fabbaa8962
113	degen-r150-m5-d1e-08-p3	500	889e8a085044167ae985b0d437512cb2
114	degen-r150-m5-d1e-08-p4	500	73d25e492974b827b4c7ce57b7c5961e
115	degen-r150-m5-d0-p0	500	2cc169cf31c14f7e5517adc268174e5e
116	degen-r150-m5-d0-p1	500	93c6a0bae79badc5f81d3cbbbcfd2f58
117	degen-r150-m5-d0-p2	500	60d7c1285fae048e8b0c3abc08009dae
118	degen-r150-m5-d0-p3	500	3700af72498a89647e03ae34d531f663
119	degen-r150-m5-d0-p4	500	680bb948c10f26ec950153907159f5b7
120	degen-r150-m20-d0.0001-p0	500	5d966534a5cb13e161b851ce3e8c206a
121	degen-r150-m20-d0.0001-p1	500	b4157fb38c0e844c6fcf3c3b920d3bff
122	degen-r150-m20-d0.0001-p2	500	588a343d752678efff8c442665d108d4
123	degen-r150-m20-d0.0001-p3	500	ce876bd6fbbff47a59434a9a5a9afbc8
124	degen-r150-m20-d0.0001-p4	500	6b25fc90d8adbc93d281afe6c96f89e6
125	degen-r150-m20-d1e-08-p0	500	b1bcd219b2bd67ee8fdc30fcfbf5d28a
126	degen-r150-m20-d1e-08-p1	500	852fca642a3b9e71a7d093d296a16006
127	degen-r150-m20-d1e-08-p2	500	0a1e661cf30fe3954a87dd02f885a5f7
128	degen-r150-m20-d1e-08-p3	500	0edf58f9c37f1bbff1c00e26ec911f94
129	degen-r150-m20-d1e-08-p4	500	84c9aa8de900c74015d4dd1fd1d7e0a2
130	degen-r150-m20-d0-p0	500	beb2457d6fb79d42a4890cc8465bd0e7
131	degen-r150-m20-d0-p1	500	c49c56a6a9da5b3f6bd6f09c9132bcf0
132	degen-r150-m20-d0-p2	500	30bcbdac8a98c1e8cec5988e6055af2e
133	degen-r150-m20-d0-p3	500	f47c89c109e6434be6f2764e8471abad
134	degen-r150-m20-d0-p4	500	9f619c237467b88cf1c7c827caf267e8
