instance,n,solver,tol_rule,tol_value,updates,total_evds,elapsed_seconds,evd_seconds,evd_percent,bb_seconds,certificate_seconds,rescale_seconds,newton_cg_seconds,dykstra_update_seconds,other_seconds,dist_G_X_fro,err_vs_ref_fro,lambda_min_X,diag_error_pre,diag_error_post,certificate_2,certificate_inf,ceiling_clamp_pct,exit,cg_iters_total,jacobian_vector_products,linesearch_trials,nls_backtracks,mls_backtracks,negative_curvature_count,accepted_outer_iterations,ref_cert_2,julia_version,blas_vendor,blas_threads,julia_threads,cpu,os,git_commit
degen-r5-m1-d0.01-p0,500,SBB-Dual,1e-7*n,4.9999999999999996e-5,304,305,13.8407143,13.2065214,95.41791784546842,0.0014024,0.0020666,0.001816,0.0,0.0,0.6289079000000003,0.231399398748711,4.970843065910386e-5,-9.147520900503608e-14,2.564981027131097e-6,0.0,4.9152395378456415e-5,2.564981027131097e-6,100.0,diag_feasible,0,0,0,0,0,0,304,2.488658458406864e-14,1.12.6,lbt,1,1,Intel(R) Core(TM) 7 150U,NT,c8c2c51
degen-r5-m1-d0.01-p0,500,Newton-SIN-BH,1e-7*n,4.9999999999999996e-5,2,3,0.1993225,0.16118100000000002,80.86442825069925,0.0,1.64e-5,0.0,0.0358711,0.0,0.002253999999999992,0.2313990875001359,5.970281841441122e-6,-8.013814877509057e-14,3.469680622814053e-7,3.469680622814053e-7,8.311815469977165e-7,3.469680622814053e-7,NaN,converged,11,11,0,0,0,0,2,2.488658458406864e-14,1.12.6,lbt,1,1,Intel(R) Core(TM) 7 150U,NT,c8c2c51
degen-r5-m1-d0.01-p0,500,Newton-SIN,1e-7*n,4.9999999999999996e-5,2,5,0.2624541,0.2359974,89.91949449446588,0.0,1.73e-5,0.0,0.0245939,0.0,0.0018455000000000277,0.2313990875001359,5.970281841441122e-6,-8.013814877509057e-14,3.469680622814053e-7,3.469680622814053e-7,8.311815469977165e-7,3.469680622814053e-7,NaN,converged,11,11,0,0,0,0,2,2.488658458406864e-14,1.12.6,lbt,1,1,Intel(R) Core(TM) 7 150U,NT,c8c2c51
degen-r5-m1-d0.01-p0,500,AGD-SDAJ-BH,1e-7*n,4.9999999999999996e-5,3,25,1.1884983,1.1760235,98.95037292018004,0.0,0.000136,0.0,0.0,0.0,0.012338799999999896,0.23123570799829052,0.00026811469738222387,-8.478163466995975e-14,9.197450939080198e-6,9.197450939080198e-6,3.458946857857972e-5,9.197450939080198e-6,NaN,diag_feasible_at_xpre,0,0,10,10,0,0,3,2.488658458406864e-14,1.12.6,lbt,1,1,Intel(R) Core(TM) 7 150U,NT,c8c2c51
degen-r5-m1-d0.01-p0,500,AGD-SDAJ,1e-7*n,4.9999999999999996e-5,3,25,1.1790899,1.1655151000000001,98.84870525987884,0.0,0.0001335,0.0,0.0,0.0,0.013441299999999776,0.23123570799829052,0.00026811469738222387,-8.478163466995975e-14,9.197450939080198e-6,9.197450939080198e-6,3.458946857857972e-5,9.197450939080198e-6,NaN,diag_feasible_at_xpre,0,0,10,10,0,0,3,2.488658458406864e-14,1.12.6,lbt,1,1,Intel(R) Core(TM) 7 150U,NT,c8c2c51
degen-r5-m1-d0.01-p0,500,Dykstra-APM,1e-7*n,4.9999999999999996e-5,607,607,39.5803061,33.522977,84.69610344928584,0.0,0.0,0.0,0.0,4.832557,1.2247721000000036,0.2309263864002648,0.0004974424595210404,-7.434122855062046e-14,2.5903862614917728e-6,2.5903862614917728e-6,4.9654697097215167e-5,2.5903862614917728e-6,NaN,diag_feasible,0,0,0,0,0,0,607,2.488658458406864e-14,1.12.6,lbt,1,1,Intel(R) Core(TM) 7 150U,NT,c8c2c51
degen-r5-m1-d0-p0,500,SBB-Dual,1e-7*n,4.9999999999999996e-5,302,303,16.3096593,15.8385767,97.11163433070611,0.0014579,0.0016353,0.0017493,0.0,0.0,0.466240099999999,0.2334894306785927,5.5529495743239634e-5,-8.54608770982638e-14,2.609916105900112e-6,0.0,4.9943687469162366e-5,2.609916105900112e-6,100.0,diag_feasible,0,0,0,0,0,0,302,6.352299931225859e-14,1.12.6,lbt,1,1,Intel(R) Core(TM) 7 150U,NT,c8c2c51
degen-r5-m1-d0-p0,500,Newton-SIN-BH,1e-7*n,4.9999999999999996e-5,2,3,0.1822658,0.156695,85.9705989823653,0.0,1.49e-5,0.0,0.0238558,0.0,0.001700100000000003,0.2334845672810207,2.2449753930401716e-5,-8.4677007007753e-14,1.5383157355497445e-5,1.5383157355497445e-5,1.5456958061203822e-5,1.5383157355497445e-5,NaN,converged,10,10,0,0,0,0,2,6.352299931225859e-14,1.12.6,lbt,1,1,Intel(R) Core(TM) 7 150U,NT,c8c2c51
degen-r5-m1-d0-p0,500,Newton-SIN,1e-7*n,4.9999999999999996e-5,2,5,0.2789694,0.2545272,91.23839388836195,0.0,1.37e-5,0.0,0.0226138,0.0,0.0018146999999999712,0.2334845672810207,2.2449753930401716e-5,-8.4677007007753e-14,1.5383157355497445e-5,1.5383157355497445e-5,1.5456958061203822e-5,1.5383157355497445e-5,NaN,converged,10,10,0,0,0,0,2,6.352299931225859e-14,1.12.6,lbt,1,1,Intel(R) Core(TM) 7 150U,NT,c8c2c51
degen-r5-m1-d0-p0,500,AGD-SDAJ-BH,1e-7*n,4.9999999999999996e-5,5,64,3.364168,3.317869,98.62376076343394,0.0,0.0003416,0.0,0.0,0.0,0.04595739999999987,0.23341091333114888,0.00014292124423794197,-9.173588456188245e-14,4.889419686238128e-6,4.889419686238128e-6,1.8807062985535825e-5,4.889419686238128e-6,NaN,diag_feasible,0,0,33,33,0,0,5,6.352299931225859e-14,1.12.6,lbt,1,1,Intel(R) Core(TM) 7 150U,NT,c8c2c51
degen-r5-m1-d0-p0,500,AGD-SDAJ,1e-7*n,4.9999999999999996e-5,5,64,3.35707,3.3182487,98.84359575463125,0.0,0.0003356,0.0,0.0,0.0,0.03848570000000039,0.23341091333114888,0.00014292124423794197,-9.173588456188245e-14,4.889419686238128e-6,4.889419686238128e-6,1.8807062985535825e-5,4.889419686238128e-6,NaN,diag_feasible,0,0,33,33,0,0,5,6.352299931225859e-14,1.12.6,lbt,1,1,Intel(R) Core(TM) 7 150U,NT,c8c2c51
degen-r5-m1-d0-p0,500,Dykstra-APM,1e-7*n,4.9999999999999996e-5,604,604,45.551125,40.2781612,88.42407558539992,0.0,0.0,0.0,0.0,4.4212611,0.8517026999999997,0.23301793447916344,0.0004994779938495747,-8.694162215221641e-14,2.61030706738552e-6,2.61030706738552e-6,4.995950533043263e-5,2.61030706738552e-6,NaN,diag_feasible,0,0,0,0,0,0,604,6.352299931225859e-14,1.12.6,lbt,1,1,Intel(R) Core(TM) 7 150U,NT,c8c2c51
degen-r5-m5-d0.01-p0,500,SBB-Dual,1e-7*n,4.9999999999999996e-5,290,291,13.8221445,13.513079000000001,97.76398300567614,0.001286,0.0016096,0.0020362,0.0,0.0,0.3041336999999991,0.28480092226027953,4.954238992151761e-5,-8.46981291722847e-14,2.549066661305943e-6,0.0,4.922642315049401e-5,2.549066661305943e-6,100.0,diag_feasible,0,0,0,0,0,0,290,4.335388926385052e-14,1.12.6,lbt,1,1,Intel(R) Core(TM) 7 150U,NT,c8c2c51
degen-r5-m5-d0.01-p0,500,Newton-SIN-BH,1e-7*n,4.9999999999999996e-5,2,3,0.1749515,0.14192239999999998,81.12099639042819,0.0,1.56e-5,0.0,0.0314506,0.0,0.0015629000000000337,0.2848007243965089,6.914550657691257e-6,-7.903007839893427e-14,3.656178599875659e-7,3.656178599875659e-7,9.694307884868632e-7,3.656178599875659e-7,NaN,converged,13,13,0,0,0,0,2,4.335388926385052e-14,1.12.6,lbt,1,1,Intel(R) Core(TM) 7 150U,NT,c8c2c51
degen-r5-m5-d0.01-p0,500,Newton-SIN,1e-7*n,4.9999999999999996e-5,2,5,0.2643538,0.231602,87.61061879950277,0.0,1.5e-5,0.0,0.0309024,0.0,0.0018344000000000242,0.2848007243965089,6.914550657691257e-6,-7.903007839893427e-14,3.656178599875659e-7,3.656178599875659e-7,9.694307884868632e-7,3.656178599875659e-7,NaN,converged,13,13,0,0,0,0,2,4.335388926385052e-14,1.12.6,lbt,1,1,Intel(R) Core(TM) 7 150U,NT,c8c2c51
degen-r5-m5-d0.01-p0,500,AGD-SDAJ-BH,1e-7*n,4.9999999999999996e-5,4,44,1.9883567,1.9267295,96.90059635678044,0.0,0.0002295,0.0,0.0,0.0,0.06139769999999999,0.2846721300564947,0.00019399502141896022,-8.384424614086086e-14,8.022694533149632e-6,8.022694533149632e-6,2.2042707794844094e-5,8.022694533149632e-6,NaN,diag_feasible,0,0,19,19,0,0,4,4.335388926385052e-14,1.12.6,lbt,1,1,Intel(R) Core(TM) 7 150U,NT,c8c2c51
degen-r5-m5-d0.01-p0,500,AGD-SDAJ,1e-7*n,4.9999999999999996e-5,4,44,2.0950722,2.0637159,98.50333081599764,0.0,0.0002549,0.0,0.0,0.0,0.031101400000000116,0.2846721300564947,0.00019399502141896022,-8.384424614086086e-14,8.022694533149632e-6,8.022694533149632e-6,2.2042707794844094e-5,8.022694533149632e-6,NaN,diag_feasible,0,0,19,19,0,0,4,4.335388926385052e-14,1.12.6,lbt,1,1,Intel(R) Core(TM) 7 150U,NT,c8c2c51
degen-r5-m5-d0.01-p0,500,Dykstra-APM,1e-7*n,4.9999999999999996e-5,579,579,39.739353,34.6943087,87.30466422037621,0.0,0.0,0.0,0.0,3.6682687,1.3767756000000007,0.2844180902313947,0.0004992257798042002,-7.582647567924379e-14,2.5801660354929368e-6,2.5801660354929368e-6,4.9833236257108375e-5,2.5801660354929368e-6,NaN,diag_feasible,0,0,0,0,0,0,579,4.335388926385052e-14,1.12.6,lbt,1,1,Intel(R) Core(TM) 7 150U,NT,c8c2c51
degen-r5-m5-d0-p0,500,SBB-Dual,1e-7*n,4.9999999999999996e-5,269,270,12.6989047,12.041013600000001,94.81930831404696,0.0012449,0.001472,0.0021116,0.0,0.0,0.6530625999999987,0.2977214172596131,0.00011743501560117038,-7.913895860156672e-14,3.4211782899973286e-6,0.0,4.915934328437861e-5,3.4211782899973286e-6,100.0,diag_feasible,0,0,0,0,0,0,269,8.757302409773518e-14,1.12.6,lbt,1,1,Intel(R) Core(TM) 7 150U,NT,c8c2c51
degen-r5-m5-d0-p0,500,Newton-SIN-BH,1e-7*n,4.9999999999999996e-5,3,4,0.2490015,0.1778507,71.42555366132333,0.0,1.99e-5,0.0,0.0686318,0.0,0.0024990999999999763,0.29772016591283146,7.418287478149839e-6,-9.231175965871752e-14,1.6551947978893367e-6,1.6551947978893367e-6,1.9055541485783549e-6,1.6551947978893367e-6,NaN,converged,24,24,0,0,0,0,3,8.757302409773518e-14,1.12.6,lbt,1,1,Intel(R) Core(TM) 7 150U,NT,c8c2c51
degen-r5-m5-d0-p0,500,Newton-SIN,1e-7*n,4.9999999999999996e-5,3,7,0.3981564,0.32871900000000004,82.56027028574701,0.0,2.18e-5,0.0,0.06728,0.0,0.0021355999999999736,0.29772016591283146,7.418287478149839e-6,-9.231175965871752e-14,1.6551947978893367e-6,1.6551947978893367e-6,1.9055541485783549e-6,1.6551947978893367e-6,NaN,converged,24,24,0,0,0,0,3,8.757302409773518e-14,1.12.6,lbt,1,1,Intel(R) Core(TM) 7 150U,NT,c8c2c51
degen-r5-m5-d0-p0,500,AGD-SDAJ-BH,1e-7*n,4.9999999999999996e-5,5,50,2.5043851,2.4704064,98.64323182564854,0.0,0.0002591,0.0,0.0,0.0,0.03371960000000003,0.2975924241882112,0.00019197675156080787,-7.424511789468135e-14,1.3988111724261287e-5,1.3988111724261287e-5,2.8909885735297377e-5,1.3988111724261287e-5,NaN,diag_feasible,0,0,19,19,0,0,5,8.757302409773518e-14,1.12.6,lbt,1,1,Intel(R) Core(TM) 7 150U,NT,c8c2c51
degen-r5-m5-d0-p0,500,AGD-SDAJ,1e-7*n,4.9999999999999996e-5,5,50,2.5418061,2.5100923,98.75231238134175,0.0,0.0002691,0.0,0.0,0.0,0.0314446999999999,0.2975924241882112,0.00019197675156080787,-7.424511789468135e-14,1.3988111724261287e-5,1.3988111724261287e-5,2.8909885735297377e-5,1.3988111724261287e-5,NaN,diag_feasible,0,0,19,19,0,0,5,8.757302409773518e-14,1.12.6,lbt,1,1,Intel(R) Core(TM) 7 150U,NT,c8c2c51
degen-r5-m5-d0-p0,500,Dykstra-APM,1e-7*n,4.9999999999999996e-5,537,537,35.2013096,30.5495221,86.78518625341142,0.0,0.0,0.0,0.0,3.4087365,1.2430510000000012,0.2973665576494177,0.00047771517295291786,-8.294724924339481e-14,3.4747526522771466e-6,3.4747526522771466e-6,4.9962168760639984e-5,3.4747526522771466e-6,NaN,diag_feasible,0,0,0,0,0,0,537,8.757302409773518e-14,1.12.6,lbt,1,1,Intel(R) Core(TM) 7 150U,NT,c8c2c51
degen-r5-m20-d0.01-p0,500,SBB-Dual,1e-7*n,4.9999999999999996e-5,262,263,12.6064907,12.4397036,98.67697439383349,0.001227,0.0014174,0.0018417,0.0,0.0,0.1623010000000005,0.4189207431082277,4.918571240013904e-5,-7.634059681185012e-14,2.554165368984229e-6,0.0,4.9395160548419994e-5,2.554165368984229e-6,100.0,diag_feasible,0,0,0,0,0,0,262,5.812343593133424e-14,1.12.6,lbt,1,1,Intel(R) Core(TM) 7 150U,NT,c8c2c51
degen-r5-m20-d0.01-p0,500,Newton-SIN-BH,1e-7*n,4.9999999999999996e-5,4,5,0.2651872,0.20932979999999998,78.93661534191693,0.0,2.56e-5,0.0,0.0528174,0.0,0.003014400000000028,0.4189207035661223,1.62743957390953e-6,-7.719962277168489e-14,1.628954178212183e-7,1.628954178212183e-7,2.3204132070227886e-7,1.628954178212183e-7,NaN,converged,20,20,0,0,0,0,4,5.812343593133424e-14,1.12.6,lbt,1,1,Intel(R) Core(TM) 7 150U,NT,c8c2c51
degen-r5-m20-d0.01-p0,500,Newton-SIN,1e-7*n,4.9999999999999996e-5,4,9,0.4194624,0.3542707,84.45827325643491,0.0,2.78e-5,0.0,0.0622586,0.0,0.0029053000000000273,0.4189207035661223,1.62743957390953e-6,-7.719962277168489e-14,1.628954178212183e-7,1.628954178212183e-7,2.3204132070227886e-7,1.628954178212183e-7,NaN,converged,20,20,0,0,0,0,4,5.812343593133424e-14,1.12.6,lbt,1,1,Intel(R) Core(TM) 7 150U,NT,c8c2c51
degen-r5-m20-d0.01-p0,500,AGD-SDAJ-BH,1e-7*n,4.9999999999999996e-5,4,37,1.6738217,1.6535558,98.78924380057924,0.0,0.0001883,0.0,0.0,0.0,0.02007760000000006,0.41881461591039904,0.0002544602827781901,-8.037501744285433e-14,1.3539992159916636e-5,1.3539992159916636e-5,2.9592284524500793e-5,1.3539992159916636e-5,NaN,diag_feasible_at_xpre,0,0,16,16,0,0,4,5.812343593133424e-14,1.12.6,lbt,1,1,Intel(R) Core(TM) 7 150U,NT,c8c2c51
degen-r5-m20-d0.01-p0,500,AGD-SDAJ,1e-7*n,4.9999999999999996e-5,4,37,1.6474847,1.6213638,98.41449817409534,0.0,0.0002427,0.0,0.0,0.0,0.025878200000000004,0.41881461591039904,0.0002544602827781901,-8.037501744285433e-14,1.3539992159916636e-5,1.3539992159916636e-5,2.9592284524500793e-5,1.3539992159916636e-5,NaN,diag_feasible_at_xpre,0,0,16,16,0,0,4,5.812343593133424e-14,1.12.6,lbt,1,1,Intel(R) Core(TM) 7 150U,NT,c8c2c51
degen-r5-m20-d0.01-p0,500,Dykstra-APM,1e-7*n,4.9999999999999996e-5,524,524,34.6868018,29.7018134,85.62857299804448,0.0,0.0,0.0,0.0,3.6654383,1.319550099999999,0.418668191189013,0.0004980401953996037,-1.031608396621497e-13,2.5714604230397953e-6,2.5714604230397953e-6,4.971757424359876e-5,2.5714604230397953e-6,NaN,diag_feasible,0,0,0,0,0,0,524,5.812343593133424e-14,1.12.6,lbt,1,1,Intel(R) Core(TM) 7 150U,NT,c8c2c51
degen-r5-m20-d0-p0,500,SBB-Dual,1e-7*n,4.9999999999999996e-5,205,206,10.9022564,10.4400604,95.76054733036732,0.0009509,0.0010976,0.0018346,0.0,0.0,0.4583129000000005,0.45331062484166773,0.0001743634750754916,-7.517555977542504e-14,3.806490649460592e-6,0.0,4.981446591296353e-5,3.806490649460592e-6,100.0,diag_feasible,0,0,0,0,0,0,205,3.2815920252761725e-13,1.12.6,lbt,1,1,Intel(R) Core(TM) 7 150U,NT,c8c2c51
degen-r5-m20-d0-p0,500,Newton-SIN-BH,1e-7*n,4.9999999999999996e-5,3,4,0.3060088,0.21346210000000002,69.7568501298002,0.0,2.65e-5,0.0,0.0899876,0.0,0.00253260000000001,0.45327089451305363,0.00012309089645538943,-7.712703828959637e-14,1.6971107556829068e-5,1.6971107556829068e-5,2.2240617887105268e-5,1.6971107556829068e-5,NaN,converged,24,24,0,0,0,0,3,3.2815920252761725e-13,1.12.6,lbt,1,1,Intel(R) Core(TM) 7 150U,NT,c8c2c51
degen-r5-m20-d0-p0,500,Newton-SIN,1e-7*n,4.9999999999999996e-5,3,7,0.4384667,0.3472482,79.19602560468104,0.0,1.98e-5,0.0,0.0889291,0.0,0.0022695999999999827,0.45327089451305363,0.00012309089645538943,-7.712703828959637e-14,1.6971107556829068e-5,1.6971107556829068e-5,2.2240617887105268e-5,1.6971107556829068e-5,NaN,converged,24,24,0,0,0,0,3,3.2815920252761725e-13,1.12.6,lbt,1,1,Intel(R) Core(TM) 7 150U,NT,c8c2c51
degen-r5-m20-d0-p0,500,AGD-SDAJ-BH,1e-7*n,4.9999999999999996e-5,4,37,1.7354101,1.7162602,98.89652019427571,0.0,0.0002447,0.0,0.0,0.0,0.01890519999999994,0.4532035336323157,0.00026478726912858145,-6.731366851823806e-14,2.3393935326243565e-5,2.3393935326243565e-5,4.619427418079426e-5,2.3393935326243565e-5,NaN,diag_feasible,0,0,12,12,0,0,4,3.2815920252761725e-13,1.12.6,lbt,1,1,Intel(R) Core(TM) 7 150U,NT,c8c2c51
degen-r5-m20-d0-p0,500,AGD-SDAJ,1e-7*n,4.9999999999999996e-5,4,37,1.7034116,1.6836484,98.83978716594393,0.0,0.0001985,0.0,0.0,0.0,0.01956469999999987,0.4532035336323157,0.00026478726912858145,-6.731366851823806e-14,2.3393935326243565e-5,2.3393935326243565e-5,4.619427418079426e-5,2.3393935326243565e-5,NaN,diag_feasible,0,0,12,12,0,0,4,3.2815920252761725e-13,1.12.6,lbt,1,1,Intel(R) Core(TM) 7 150U,NT,c8c2c51
degen-r5-m20-d0-p0,500,Dykstra-APM,1e-7*n,4.9999999999999996e-5,411,411,29.4173189,26.4103928,89.77838153700675,0.0,0.0,0.0,0.0,2.070561,0.9363651000000011,0.4531091513538026,0.0004258439523546606,-7.658359223506256e-14,3.816858734628781e-6,3.816858734628781e-6,4.9957252077528376e-5,3.816858734628781e-6,NaN,diag_feasible,0,0,0,0,0,0,411,3.2815920252761725e-13,1.12.6,lbt,1,1,Intel(R) Core(TM) 7 150U,NT,c8c2c51
degen-r20-m1-d0.01-p0,500,SBB-Dual,1e-7*n,4.9999999999999996e-5,91,92,4.0354933,3.9737831,98.47081396467689,0.000402,0.0004704,0.0018486,0.0,0.0,0.058989199999999825,0.44585590323497354,4.795446428465332e-5,-2.425144603326272e-14,2.5842961011157684e-6,0.0,4.642659313463837e-5,2.5842961011157684e-6,100.0,diag_feasible,0,0,0,0,0,0,91,8.357450397306154e-14,1.12.6,lbt,1,1,Intel(R) Core(TM) 7 150U,NT,c8c2c51
degen-r20-m1-d0.01-p0,500,Newton-SIN-BH,1e-7*n,4.9999999999999996e-5,2,3,0.1590025,0.13891420000000002,87.36604770365247,0.0,1.39e-5,0.0,0.0184182,0.0,0.0016561999999999757,0.4458545327301247,9.718651259982465e-6,-2.5422315180247822e-14,1.4570513808820351e-6,1.4570513808820351e-6,2.697951128138824e-6,1.4570513808820351e-6,NaN,converged,7,7,0,0,0,0,2,8.357450397306154e-14,1.12.6,lbt,1,1,Intel(R) Core(TM) 7 150U,NT,c8c2c51
degen-r20-m1-d0.01-p0,500,Newton-SIN,1e-7*n,4.9999999999999996e-5,2,5,0.2544835,0.2349793,92.33577029552015,0.0,1.7e-5,0.0,0.0177316,0.0,0.0017555999999999718,0.4458545327301247,9.718651259982465e-6,-2.5422315180247822e-14,1.4570513808820351e-6,1.4570513808820351e-6,2.697951128138824e-6,1.4570513808820351e-6,NaN,converged,7,7,0,0,0,0,2,8.357450397306154e-14,1.12.6,lbt,1,1,Intel(R) Core(TM) 7 150U,NT,c8c2c51
degen-r20-m1-d0.01-p0,500,AGD-SDAJ-BH,1e-7*n,4.9999999999999996e-5,2,19,0.8494767,0.8393256,98.80501725356328,0.0,9.46e-5,0.0,0.0,0.0,0.010056499999999968,0.44598290754927705,0.00015883904853387164,-2.809469344409199e-14,1.2399710312860357e-5,1.2399710312860357e-5,3.763509637287259e-5,1.2399710312860357e-5,NaN,diag_feasible,0,0,6,6,0,0,2,8.357450397306154e-14,1.12.6,lbt,1,1,Intel(R) Core(TM) 7 150U,NT,c8c2c51
degen-r20-m1-d0.01-p0,500,AGD-SDAJ,1e-7*n,4.9999999999999996e-5,2,19,0.9062911,0.8939694,98.64042579696523,0.0,0.0001002,0.0,0.0,0.0,0.012221499999999991,0.44598290754927705,0.00015883904853387164,-2.809469344409199e-14,1.2399710312860357e-5,1.2399710312860357e-5,3.763509637287259e-5,1.2399710312860357e-5,NaN,diag_feasible,0,0,6,6,0,0,2,8.357450397306154e-14,1.12.6,lbt,1,1,Intel(R) Core(TM) 7 150U,NT,c8c2c51
degen-r20-m1-d0.01-p0,500,Dykstra-APM,1e-7*n,4.9999999999999996e-5,184,184,11.6862112,10.4904277,89.76756897907167,0.0,0.0,0.0,0.0,0.8066103,0.389173200000001,0.44562508249089045,0.00024109433979828306,-2.5558456495154022e-14,2.6782552626780642e-6,2.6782552626780642e-6,4.812957211618022e-5,2.6782552626780642e-6,NaN,diag_feasible,0,0,0,0,0,0,184,8.357450397306154e-14,1.12.6,lbt,1,1,Intel(R) Core(TM) 7 150U,NT,c8c2c51
degen-r20-m1-d0-p0,500,SBB-Dual,1e-7*n,4.9999999999999996e-5,89,90,3.9946345,3.7987022,95.09511320747869,0.0003887,0.0004673,0.0020465,0.0,0.0,0.19302979999999995,0.447742605231365,5.7360626373166306e-5,-2.5889394927788846e-14,2.8218160044168883e-6,0.0,4.949676960492346e-5,2.8218160044168883e-6,100.0,diag_feasible,0,0,0,0,0,0,89,4.642888524178932e-12,1.12.6,lbt,1,1,Intel(R) Core(TM) 7 150U,NT,c8c2c51
degen-r20-m1-d0-p0,500,Newton-SIN-BH,1e-7*n,4.9999999999999996e-5,2,3,0.1571223,0.136706,87.00610925374693,0.0,1.46e-5,0.0,0.0186385,0.0,0.0017631999999999995,0.44773962010495233,1.241920129744386e-5,-2.772628835504072e-14,2.493858544116989e-6,2.493858544116989e-6,4.134288104040658e-6,2.493858544116989e-6,NaN,converged,7,7,0,0,0,0,2,4.642888524178932e-12,1.12.6,lbt,1,1,Intel(R) Core(TM) 7 150U,NT,c8c2c51
degen-r20-m1-d0-p0,500,Newton-SIN,1e-7*n,4.9999999999999996e-5,2,5,0.2466886,0.2250095,91.21195709894984,0.0,1.44e-5,0.0,0.0198102,0.0,0.0018545000000000054,0.44773962010495233,1.241920129744386e-5,-2.772628835504072e-14,2.493858544116989e-6,2.493858544116989e-6,4.134288104040658e-6,2.493858544116989e-6,NaN,converged,7,7,0,0,0,0,2,4.642888524178932e-12,1.12.6,lbt,1,1,Intel(R) Core(TM) 7 150U,NT,c8c2c51
degen-r20-m1-d0-p0,500,AGD-SDAJ-BH,1e-7*n,4.9999999999999996e-5,3,23,1.0663814,1.0535096000000002,98.79294593847943,0.0,0.0003451,0.0,0.0,0.0,0.012526699999999879,0.4478220753175836,9.48545840872358e-5,-2.8906462677573836e-14,5.149998120401733e-6,5.149998120401733e-6,2.1242653978347863e-5,5.149998120401733e-6,NaN,diag_feasible_at_xpre,0,0,8,8,0,0,3,4.642888524178932e-12,1.12.6,lbt,1,1,Intel(R) Core(TM) 7 150U,NT,c8c2c51
degen-r20-m1-d0-p0,500,AGD-SDAJ,1e-7*n,4.9999999999999996e-5,3,23,1.3009472,1.2795081,98.35203919113704,0.0,0.0001178,0.0,0.0,0.0,0.021321300000000043,0.4478220753175836,9.48545840872358e-5,-2.8906462677573836e-14,5.149998120401733e-6,5.149998120401733e-6,2.1242653978347863e-5,5.149998120401733e-6,NaN,diag_feasible_at_xpre,0,0,8,8,0,0,3,4.642888524178932e-12,1.12.6,lbt,1,1,Intel(R) Core(TM) 7 150U,NT,c8c2c51
degen-r20-m1-d0-p0,500,Dykstra-APM,1e-7*n,4.9999999999999996e-5,181,181,11.8556011,10.1256918,85.40850619543872,0.0,0.0,0.0,0.0,1.3114017,0.4185075999999992,0.44750861167802297,0.00024453383681444566,-2.4821627914039596e-14,2.80642396810471e-6,2.80642396810471e-6,4.924776319049381e-5,2.80642396810471e-6,NaN,diag_feasible,0,0,0,0,0,0,181,4.642888524178932e-12,1.12.6,lbt,1,1,Intel(R) Core(TM) 7 150U,NT,c8c2c51
degen-r20-m5-d0.01-p0,500,SBB-Dual,1e-7*n,4.9999999999999996e-5,89,90,3.9290409,3.862605,98.30910642849251,0.0004149,0.0005585,0.0022617,0.0,0.0,0.0632008000000001,0.4715204490239334,5.132849888494114e-5,-2.9081176041979584e-14,2.7686347285893476e-6,0.0,4.969226647084084e-5,2.7686347285893476e-6,100.0,diag_feasible,0,0,0,0,0,0,89,2.3333248148186393e-12,1.12.6,lbt,1,1,Intel(R) Core(TM) 7 150U,NT,c8c2c51
degen-r20-m5-d0.01-p0,500,Newton-SIN-BH,1e-7*n,4.9999999999999996e-5,2,3,0.1871806,0.16642590000000002,88.91193852354358,0.0,1.49e-5,0.0,0.0187588,0.0,0.0019809999999999862,0.4715140220775714,7.671455523508031e-5,-2.8716388441341205e-14,6.106863020827191e-6,6.106863020827191e-6,2.126175193376848e-5,6.106863020827191e-6,NaN,converged,7,7,0,0,0,0,2,2.3333248148186393e-12,1.12.6,lbt,1,1,Intel(R) Core(TM) 7 150U,NT,c8c2c51
degen-r20-m5-d0.01-p0,500,Newton-SIN,1e-7*n,4.9999999999999996e-5,2,5,0.2558496,0.234694,91.7312358510625,0.0,1.69e-5,0.0,0.0193085,0.0,0.001830199999999997,0.4715140220775714,7.671455523508031e-5,-2.8716388441341205e-14,6.106863020827191e-6,6.106863020827191e-6,2.126175193376848e-5,6.106863020827191e-6,NaN,converged,7,7,0,0,0,0,2,2.3333248148186393e-12,1.12.6,lbt,1,1,Intel(R) Core(TM) 7 150U,NT,c8c2c51
degen-r20-m5-d0.01-p0,500,AGD-SDAJ-BH,1e-7*n,4.9999999999999996e-5,3,29,1.2698258,1.2470575,98.20697453146722,0.0,0.000137,0.0,0.0,0.0,0.022631300000000073,0.47145048698470204,8.609472292839058e-5,-2.39321292017836e-14,5.749437894886356e-6,5.749437894886356e-6,1.8808850276530184e-5,5.749437894886356e-6,NaN,diag_feasible,0,0,10,10,0,0,3,2.3333248148186393e-12,1.12.6,lbt,1,1,Intel(R) Core(TM) 7 150U,NT,c8c2c51
degen-r20-m5-d0.01-p0,500,AGD-SDAJ,1e-7*n,4.9999999999999996e-5,3,29,1.2757673,1.2600894,98.77110034094775,0.0,0.0001496,0.0,0.0,0.0,0.015528300000000023,0.47145048698470204,8.609472292839058e-5,-2.39321292017836e-14,5.749437894886356e-6,5.749437894886356e-6,1.8808850276530184e-5,5.749437894886356e-6,NaN,diag_feasible,0,0,10,10,0,0,3,2.3333248148186393e-12,1.12.6,lbt,1,1,Intel(R) Core(TM) 7 150U,NT,c8c2c51
degen-r20-m5-d0.01-p0,500,Dykstra-APM,1e-7*n,4.9999999999999996e-5,181,181,11.8310239,10.1348711,85.66351640959833,0.0,0.0,0.0,0.0,1.4563109,0.23984190000000005,0.47129776873026974,0.0002478423084074436,-2.5168204673095375e-14,2.756155885297318e-6,2.756155885297318e-6,4.947667829135277e-5,2.756155885297318e-6,NaN,diag_feasible,0,0,0,0,0,0,181,2.3333248148186393e-12,1.12.6,lbt,1,1,Intel(R) Core(TM) 7 150U,NT,c8c2c51
degen-r20-m5-d0-p0,500,SBB-Dual,1e-7*n,4.9999999999999996e-5,86,87,3.9563252,3.8817743,98.11565287909093,0.0004228,0.0004611,0.0017711,0.0,0.0,0.07189590000000019,0.47947408186032103,6.317611247900063e-5,-2.5660652140352625e-14,2.76075478322646e-6,0.0,4.6701038793517104e-5,2.76075478322646e-6,100.0,diag_feasible,0,0,0,0,0,0,86,3.0036476431404944e-12,1.12.6,lbt,1,1,Intel(R) Core(TM) 7 150U,NT,c8c2c51
degen-r20-m5-d0-p0,500,Newton-SIN-BH,1e-7*n,4.9999999999999996e-5,2,3,0.1796009,0.1593988,88.7516710662363,0.0,1.59e-5,0.0,0.0184555,0.0,0.0017307000000000017,0.4794532484845203,0.00010113679250366353,-2.9064116508392216e-14,2.015178372283266e-5,2.015178372283266e-5,3.278471934205337e-5,2.015178372283266e-5,NaN,converged,7,7,0,0,0,0,2,3.0036476431404944e-12,1.12.6,lbt,1,1,Intel(R) Core(TM) 7 150U,NT,c8c2c51
degen-r20-m5-d0-p0,500,Newton-SIN,1e-7*n,4.9999999999999996e-5,2,5,0.2578896,0.2374441,92.07199514831152,0.0,1.76e-5,0.0,0.018649,0.0,0.0017789000000000069,0.4794532484845203,0.00010113679250366353,-2.9064116508392216e-14,2.015178372283266e-5,2.015178372283266e-5,3.278471934205337e-5,2.015178372283266e-5,NaN,converged,7,7,0,0,0,0,2,3.0036476431404944e-12,1.12.6,lbt,1,1,Intel(R) Core(TM) 7 150U,NT,c8c2c51
degen-r20-m5-d0-p0,500,AGD-SDAJ-BH,1e-7*n,4.9999999999999996e-5,4,38,2.0280801,1.9948050000000002,98.35928077988636,0.0,0.0002202,0.0,0.0,0.0,0.03305489999999978,0.4794086652085966,8.815583777789403e-5,-2.627643025477023e-14,8.045378195986608e-6,8.045378195986608e-6,2.054451417347973e-5,8.045378195986608e-6,NaN,diag_feasible,0,0,13,13,0,0,4,3.0036476431404944e-12,1.12.6,lbt,1,1,Intel(R) Core(TM) 7 150U,NT,c8c2c51
degen-r20-m5-d0-p0,500,AGD-SDAJ,1e-7*n,4.9999999999999996e-5,4,38,1.7917527,1.772246,98.91130623104405,0.0,0.0003042,0.0,0.0,0.0,0.019202499999999987,0.4794086652085966,8.815583777789403e-5,-2.627643025477023e-14,8.045378195986608e-6,8.045378195986608e-6,2.054451417347973e-5,8.045378195986608e-6,NaN,diag_feasible,0,0,13,13,0,0,4,3.0036476431404944e-12,1.12.6,lbt,1,1,Intel(R) Core(TM) 7 150U,NT,c8c2c51
degen-r20-m5-d0-p0,500,Dykstra-APM,1e-7*n,4.9999999999999996e-5,174,174,11.4725924,9.5224159,83.00143130684222,0.0,0.0,0.0,0.0,1.4056026,0.5445738999999996,0.47926175444643054,0.00023754875864532882,-2.4146117710984738e-14,2.876650407435122e-6,2.876650407435122e-6,4.869449593425046e-5,2.876650407435122e-6,NaN,diag_feasible,0,0,0,0,0,0,174,3.0036476431404944e-12,1.12.6,lbt,1,1,Intel(R) Core(TM) 7 150U,NT,c8c2c51
degen-r20-m20-d0.01-p0,500,SBB-Dual,1e-7*n,4.9999999999999996e-5,85,86,3.8101088,3.7123358,97.43385280756287,0.0003881,0.0004553,0.0058898,0.0,0.0,0.0910398000000001,0.5539225433026549,4.9686738345988324e-5,-2.4559489475222064e-14,2.6842536811066964e-6,0.0,4.810841719754457e-5,2.6842536811066964e-6,100.0,diag_feasible,0,0,0,0,0,0,85,5.453229703214396e-14,1.12.6,lbt,1,1,Intel(R) Core(TM) 7 150U,NT,c8c2c51
degen-r20-m20-d0.01-p0,500,Newton-SIN-BH,1e-7*n,4.9999999999999996e-5,2,3,0.1504889,0.1268443,84.28814351091674,0.0,1.39e-5,0.0,0.0218047,0.0,0.0018260000000000151,0.5539201022307311,9.095440407626112e-5,-2.5949779966968975e-14,1.364444303852963e-5,1.364444303852963e-5,2.5599608820628457e-5,1.364444303852963e-5,NaN,converged,7,7,0,0,0,0,2,5.453229703214396e-14,1.12.6,lbt,1,1,Intel(R) Core(TM) 7 150U,NT,c8c2c51
degen-r20-m20-d0.01-p0,500,Newton-SIN,1e-7*n,4.9999999999999996e-5,2,5,0.2380103,0.2160889,90.78972632696987,0.0,1.58e-5,0.0,0.0202092,0.0,0.0016964000000000076,0.5539201022307311,9.095440407626112e-5,-2.5949779966968975e-14,1.364444303852963e-5,1.364444303852963e-5,2.5599608820628457e-5,1.364444303852963e-5,NaN,converged,7,7,0,0,0,0,2,5.453229703214396e-14,1.12.6,lbt,1,1,Intel(R) Core(TM) 7 150U,NT,c8c2c51
degen-r20-m20-d0.01-p0,500,AGD-SDAJ-BH,1e-7*n,4.9999999999999996e-5,3,26,1.1886213,1.1725337,98.64653275185292,0.0,0.0001382,0.0,0.0,0.0,0.01594940000000009,0.5538538826026828,9.750743804898587e-5,-2.3823296085694184e-14,5.331658202711864e-6,5.331658202711864e-6,2.05365722905218e-5,5.331658202711864e-6,NaN,diag_feasible,0,0,7,7,0,0,3,5.453229703214396e-14,1.12.6,lbt,1,1,Intel(R) Core(TM) 7 150U,NT,c8c2c51
degen-r20-m20-d0.01-p0,500,AGD-SDAJ,1e-7*n,4.9999999999999996e-5,3,26,1.2167922,1.2025184,98.82693199381127,0.0,0.0001392,0.0,0.0,0.0,0.014134600000000002,0.5538538826026828,9.750743804898587e-5,-2.3823296085694184e-14,5.331658202711864e-6,5.331658202711864e-6,2.05365722905218e-5,5.331658202711864e-6,NaN,diag_feasible,0,0,7,7,0,0,3,5.453229703214396e-14,1.12.6,lbt,1,1,Intel(R) Core(TM) 7 150U,NT,c8c2c51
degen-r20-m20-d0.01-p0,500,Dykstra-APM,1e-7*n,4.9999999999999996e-5,173,173,11.1348479,9.3923424,84.35088188317327,0.0,0.0,0.0,0.0,1.1944276,0.5480779,0.5537430939166221,0.0002414867551800364,-2.852893193726491e-14,2.6896940110709977e-6,2.6896940110709977e-6,4.820797185061814e-5,2.6896940110709977e-6,NaN,diag_feasible,0,0,0,0,0,0,173,5.453229703214396e-14,1.12.6,lbt,1,1,Intel(R) Core(TM) 7 150U,NT,c8c2c51
degen-r20-m20-d0-p0,500,SBB-Dual,1e-7*n,4.9999999999999996e-5,72,73,3.6217461,3.5620877999999996,98.35277519868107,0.0003194,0.0003852,0.0018025,0.0,0.0,0.05715120000000061,0.5792623767264709,9.089209322892069e-5,-1.8873583110403802e-14,3.0860834581147856e-6,0.0,4.547871580052739e-5,3.0860834581147856e-6,100.0,diag_feasible,0,0,0,0,0,0,72,8.199062808099176e-14,1.12.6,lbt,1,1,Intel(R) Core(TM) 7 150U,NT,c8c2c51
degen-r20-m20-d0-p0,500,Newton-SIN-BH,1e-7*n,4.9999999999999996e-5,3,4,0.2486062,0.19069440000000001,76.70540799062935,0.0,2.29e-5,0.0,0.0548318,0.0,0.0030570999999999862,0.5792618862019729,3.5511460192894815e-6,-1.7509012676585602e-14,8.512024438633858e-7,8.512024438633858e-7,1.4315463122218134e-6,8.512024438633858e-7,NaN,converged,17,17,0,0,0,0,3,8.199062808099176e-14,1.12.6,lbt,1,1,Intel(R) Core(TM) 7 150U,NT,c8c2c51
degen-r20-m20-d0-p0,500,Newton-SIN,1e-7*n,4.9999999999999996e-5,3,7,0.3894813,0.323124,82.96264801416655,0.0,2.8e-5,0.0,0.0633989,0.0,0.002930399999999958,0.5792618862019729,3.5511460192894815e-6,-1.7509012676585602e-14,8.512024438633858e-7,8.512024438633858e-7,1.4315463122218134e-6,8.512024438633858e-7,NaN,converged,17,17,0,0,0,0,3,8.199062808099176e-14,1.12.6,lbt,1,1,Intel(R) Core(TM) 7 150U,NT,c8c2c51
degen-r20-m20-d0-p0,500,AGD-SDAJ-BH,1e-7*n,4.9999999999999996e-5,3,22,1.0279788,1.0151134,98.74847613588916,0.0,0.0001242,0.0,0.0,0.0,0.012741200000000138,0.5792180045609955,5.378881846263043e-5,-1.992340577067331e-14,7.484729741991103e-6,7.484729741991103e-6,1.9390663307726913e-5,7.484729741991103e-6,NaN,diag_feasible,0,0,3,3,0,0,3,8.199062808099176e-14,1.12.6,lbt,1,1,Intel(R) Core(TM) 7 150U,NT,c8c2c51
degen-r20-m20-d0-p0,500,AGD-SDAJ,1e-7*n,4.9999999999999996e-5,3,22,1.2329338,1.0597035,85.94974847797991,0.0,0.0001151,0.0,0.0,0.0,0.17311520000000016,0.5792180045609955,5.378881846263043e-5,-1.992340577067331e-14,7.484729741991103e-6,7.484729741991103e-6,1.9390663307726913e-5,7.484729741991103e-6,NaN,diag_feasible,0,0,3,3,0,0,3,8.199062808099176e-14,1.12.6,lbt,1,1,Intel(R) Core(TM) 7 150U,NT,c8c2c51
degen-r20-m20-d0-p0,500,Dykstra-APM,1e-7*n,4.9999999999999996e-5,146,146,9.8801239,8.336329,84.37474149489158,0.0,0.0,0.0,0.0,1.027507,0.5162879,0.5790994547235728,0.00021781842335299274,-1.9394211962014794e-14,3.2769875839555596e-6,3.2769875839555596e-6,4.847900220655125e-5,3.2769875839555596e-6,NaN,diag_feasible,0,0,0,0,0,0,146,8.199062808099176e-14,1.12.6,lbt,1,1,Intel(R) Core(TM) 7 150U,NT,c8c2c51
degen-r50-m1-d0.01-p0,500,SBB-Dual,1e-7*n,4.9999999999999996e-5,38,39,1.6043503,1.5698509,97.84963421018466,0.0001662,0.000205,0.0017969,0.0,0.0,0.032331299999999855,0.6751749198347096,4.9594013538224795e-5,-1.1596519197810541e-14,2.7588591757776726e-6,0.0,4.9307033601875704e-5,2.7588591757776726e-6,100.0,diag_feasible,0,0,0,0,0,0,38,2.588963443102987e-13,1.12.6,lbt,1,1,Intel(R) Core(TM) 7 150U,NT,c8c2c51
degen-r50-m1-d0.01-p0,500,Newton-SIN-BH,1e-7*n,4.9999999999999996e-5,2,3,0.1623371,0.1413377,87.06432479082108,0.0,1.73e-5,0.0,0.0188514,0.0,0.0021306999999999993,0.6751560000155868,7.352082873898503e-5,-1.0819155091714164e-14,1.2058304851958468e-5,1.2058304851958468e-5,3.154197372060808e-5,1.2058304851958468e-5,NaN,converged,5,5,0,0,0,0,2,2.588963443102987e-13,1.12.6,lbt,1,1,Intel(R) Core(TM) 7 150U,NT,c8c2c51
degen-r50-m1-d0.01-p0,500,Newton-SIN,1e-7*n,4.9999999999999996e-5,2,5,0.2130442,0.194852,91.46083301023918,0.0,1.36e-5,0.0,0.0163937,0.0,0.001784899999999992,0.6751560000155868,7.352082873898503e-5,-1.0819155091714164e-14,1.2058304851958468e-5,1.2058304851958468e-5,3.154197372060808e-5,1.2058304851958468e-5,NaN,converged,5,5,0,0,0,0,2,2.588963443102987e-13,1.12.6,lbt,1,1,Intel(R) Core(TM) 7 150U,NT,c8c2c51
degen-r50-m1-d0.01-p0,500,AGD-SDAJ-BH,1e-7*n,4.9999999999999996e-5,2,9,0.4022285,0.3973271,98.78143890848112,0.0,4.73e-5,0.0,0.0,0.0,0.0048541,0.6751639227456071,0.00010013054323038393,-1.0355392437284907e-14,2.3171127451870888e-5,2.3171127451870888e-5,4.289780851124669e-5,2.3171127451870888e-5,NaN,diag_feasible_at_xpre,0,0,0,0,0,0,2,2.588963443102987e-13,1.12.6,lbt,1,1,Intel(R) Core(TM) 7 150U,NT,c8c2c51
degen-r50-m1-d0.01-p0,500,AGD-SDAJ,1e-7*n,4.9999999999999996e-5,2,9,0.3917202,0.38659659999999996,98.69202558356703,0.0,4.4e-5,0.0,0.0,0.0,0.005079600000000062,0.6751639227456071,0.00010013054323038393,-1.0355392437284907e-14,2.3171127451870888e-5,2.3171127451870888e-5,4.289780851124669e-5,2.3171127451870888e-5,NaN,diag_feasible_at_xpre,0,0,0,0,0,0,2,2.588963443102987e-13,1.12.6,lbt,1,1,Intel(R) Core(TM) 7 150U,NT,c8c2c51
degen-r50-m1-d0.01-p0,500,Dykstra-APM,1e-7*n,4.9999999999999996e-5,80,80,5.0712453,4.3000359,84.79250451560685,0.0,0.0,0.0,0.0,0.5584712,0.2127382000000001,0.6750296645491706,0.0001549834409401506,-1.065837819590839e-14,2.736259745672598e-6,2.736259745672598e-6,4.892245515851685e-5,2.736259745672598e-6,NaN,diag_feasible,0,0,0,0,0,0,80,2.588963443102987e-13,1.12.6,lbt,1,1,Intel(R) Core(TM) 7 150U,NT,c8c2c51
degen-r50-m1-d0-p0,500,SBB-Dual,1e-7*n,4.9999999999999996e-5,38,39,1.8259695,1.7908165,98.07483093228008,0.0001615,0.0002063,0.0019846,0.0,0.0,0.032800599999999985,0.6763786093530083,4.730628995773542e-5,-1.0350166395325194e-14,2.5741585003569156e-6,0.0,4.475969811420813e-5,2.5741585003569156e-6,100.0,diag_feasible,0,0,0,0,0,0,38,2.9487370710779996e-12,1.12.6,lbt,1,1,Intel(R) Core(TM) 7 150U,NT,c8c2c51
degen-r50-m1-d0-p0,500,Newton-SIN-BH,1e-7*n,4.9999999999999996e-5,3,4,0.2275833,0.18976559999999998,83.38291957274545,0.0,2.09e-5,0.0,0.0352468,0.0,0.0025500000000000106,0.6763785998142432,9.514822596275765e-8,-9.898305960031303e-15,4.177315737763365e-8,4.177315737763365e-8,4.3224287931035805e-8,4.177315737763365e-8,NaN,converged,10,10,0,0,0,0,3,2.9487370710779996e-12,1.12.6,lbt,1,1,Intel(R) Core(TM) 7 150U,NT,c8c2c51
degen-r50-m1-d0-p0,500,Newton-SIN,1e-7*n,4.9999999999999996e-5,3,7,0.342216,0.29990859999999997,87.6372232741894,0.0,1.98e-5,0.0,0.0397598,0.0,0.0025278000000000522,0.6763785998142432,9.514822596275765e-8,-9.898305960031303e-15,4.177315737763365e-8,4.177315737763365e-8,4.3224287931035805e-8,4.177315737763365e-8,NaN,converged,10,10,0,0,0,0,3,2.9487370710779996e-12,1.12.6,lbt,1,1,Intel(R) Core(TM) 7 150U,NT,c8c2c51
degen-r50-m1-d0-p0,500,AGD-SDAJ-BH,1e-7*n,4.9999999999999996e-5,2,16,0.6817294,0.6609828,96.95676906408906,0.0,7.78e-5,0.0,0.0,0.0,0.02066880000000006,0.6764270031572474,6.130318911408213e-5,-1.0460910344992261e-14,6.762701383666858e-6,6.762701383666858e-6,2.249546709410838e-5,6.762701383666858e-6,NaN,diag_feasible,0,0,3,3,0,0,2,2.9487370710779996e-12,1.12.6,lbt,1,1,Intel(R) Core(TM) 7 150U,NT,c8c2c51
degen-r50-m1-d0-p0,500,AGD-SDAJ,1e-7*n,4.9999999999999996e-5,2,16,0.6929903,0.6760735,97.55886915011654,0.0,8.16e-5,0.0,0.0,0.0,0.016835199999999953,0.6764270031572474,6.130318911408213e-5,-1.0460910344992261e-14,6.762701383666858e-6,6.762701383666858e-6,2.249546709410838e-5,6.762701383666858e-6,NaN,diag_feasible,0,0,3,3,0,0,2,2.9487370710779996e-12,1.12.6,lbt,1,1,Intel(R) Core(TM) 7 150U,NT,c8c2c51
degen-r50-m1-d0-p0,500,Dykstra-APM,1e-7*n,4.9999999999999996e-5,79,79,5.372043,4.6566324,86.68270898054986,0.0,0.0,0.0,0.0,0.5996307,0.11577989999999938,0.6762316751949825,0.0001562832094648177,-1.0481445780560211e-14,2.8549504496044875e-6,2.8549504496044875e-6,4.9681609745455476e-5,2.8549504496044875e-6,NaN,diag_feasible,0,0,0,0,0,0,79,2.9487370710779996e-12,1.12.6,lbt,1,1,Intel(R) Core(TM) 7 150U,NT,c8c2c51
degen-r50-m5-d0.01-p0,500,SBB-Dual,1e-7*n,4.9999999999999996e-5,38,39,1.6650596,1.6333108,98.09323341939232,0.0001716,0.0002331,0.0019288,0.0,0.0,0.029415299999999908,0.6906409489993429,4.599624520319168e-5,-9.996026721535288e-15,2.559842610105889e-6,0.0,4.5730024812781276e-5,2.559842610105889e-6,100.0,diag_feasible,0,0,0,0,0,0,38,2.1827208062900125e-12,1.12.6,lbt,1,1,Intel(R) Core(TM) 7 150U,NT,c8c2c51
degen-r50-m5-d0.01-p0,500,Newton-SIN-BH,1e-7*n,4.9999999999999996e-5,2,3,0.1738949,0.15101799999999999,86.84441004307774,0.0,1.56e-5,0.0,0.0211671,0.0,0.0016942000000000033,0.6906364659788825,4.799197734018629e-5,-1.0421010859908573e-14,1.0907976700780253e-5,1.0907976700780253e-5,2.0981323190636794e-5,1.0907976700780253e-5,NaN,converged,6,6,0,0,0,0,2,2.1827208062900125e-12,1.12.6,lbt,1,1,Intel(R) Core(TM) 7 150U,NT,c8c2c51
degen-r50-m5-d0.01-p0,500,Newton-SIN,1e-7*n,4.9999999999999996e-5,2,5,0.2606414,0.2333537,89.53055807711284,0.0,1.43e-5,0.0,0.0253862,0.0,0.0018872000000000264,0.6906364659788825,4.799197734018629e-5,-1.0421010859908573e-14,1.0907976700780253e-5,1.0907976700780253e-5,2.0981323190636794e-5,1.0907976700780253e-5,NaN,converged,6,6,0,0,0,0,2,2.1827208062900125e-12,1.12.6,lbt,1,1,Intel(R) Core(TM) 7 150U,NT,c8c2c51
degen-r50-m5-d0.01-p0,500,AGD-SDAJ-BH,1e-7*n,4.9999999999999996e-5,3,21,0.9625723,0.9381886,97.46681885610047,0.0,0.0001189,0.0,0.0,0.0,0.024264800000000007,0.6907154179164744,9.384219221468605e-5,-9.869777954484621e-15,9.112988264226018e-6,9.112988264226018e-6,3.3138336103117025e-5,9.112988264226018e-6,NaN,diag_feasible_at_xpre,0,0,6,6,0,0,3,2.1827208062900125e-12,1.12.6,lbt,1,1,Intel(R) Core(TM) 7 150U,NT,c8c2c51
degen-r50-m5-d0.01-p0,500,AGD-SDAJ,1e-7*n,4.9999999999999996e-5,3,21,1.1552684,1.1094118,96.03065400213491,0.0,0.0001275,0.0,0.0,0.0,0.04572910000000002,0.6907154179164744,9.384219221468605e-5,-9.869777954484621e-15,9.112988264226018e-6,9.112988264226018e-6,3.3138336103117025e-5,9.112988264226018e-6,NaN,diag_feasible_at_xpre,0,0,6,6,0,0,3,2.1827208062900125e-12,1.12.6,lbt,1,1,Intel(R) Core(TM) 7 150U,NT,c8c2c51
degen-r50-m5-d0.01-p0,500,Dykstra-APM,1e-7*n,4.9999999999999996e-5,80,80,4.8113076,4.327769,89.9499545612091,0.0,0.0,0.0,0.0,0.2847502,0.19878840000000014,0.6905095958100292,0.00014453392483171332,-1.1031744603753935e-14,2.5534619529921088e-6,2.5534619529921088e-6,4.562394056285046e-5,2.5534619529921088e-6,NaN,diag_feasible,0,0,0,0,0,0,80,2.1827208062900125e-12,1.12.6,lbt,1,1,Intel(R) Core(TM) 7 150U,NT,c8c2c51
degen-r50-m5-d0-p0,500,SBB-Dual,1e-7*n,4.9999999999999996e-5,37,38,1.7447744,1.6995976,97.41073688380571,0.0001615,0.0001977,0.0018393,0.0,0.0,0.04297830000000012,0.6960204554735088,4.711295581591718e-5,-9.330747438464784e-15,2.4536421783238893e-6,0.0,4.1142665478196834e-5,2.4536421783238893e-6,100.0,diag_feasible,0,0,0,0,0,0,37,9.902224733073417e-14,1.12.6,lbt,1,1,Intel(R) Core(TM) 7 150U,NT,c8c2c51
degen-r50-m5-d0-p0,500,Newton-SIN-BH,1e-7*n,4.9999999999999996e-5,2,3,0.1587454,0.1377031,86.74462378122452,0.0,1.44e-5,0.0,0.0194213,0.0,0.0016066000000000136,0.6960009651527449,6.529268143256905e-5,-9.884046474375089e-15,1.543980856522076e-5,1.543980856522076e-5,3.148948003857859e-5,1.543980856522076e-5,NaN,converged,6,6,0,0,0,0,2,9.902224733073417e-14,1.12.6,lbt,1,1,Intel(R) Core(TM) 7 150U,NT,c8c2c51
degen-r50-m5-d0-p0,500,Newton-SIN,1e-7*n,4.9999999999999996e-5,2,5,0.261312,0.2352273,90.01779481998531,0.0,1.69e-5,0.0,0.0240101,0.0,0.0020576999999999887,0.6960009651527449,6.529268143256905e-5,-9.884046474375089e-15,1.543980856522076e-5,1.543980856522076e-5,3.148948003857859e-5,1.543980856522076e-5,NaN,converged,6,6,0,0,0,0,2,9.902224733073417e-14,1.12.6,lbt,1,1,Intel(R) Core(TM) 7 150U,NT,c8c2c51
degen-r50-m5-d0-p0,500,AGD-SDAJ-BH,1e-7*n,4.9999999999999996e-5,3,26,1.2002553,1.171276,97.58557200288972,0.0,0.0001495,0.0,0.0,0.0,0.02882980000000004,0.6960616281724704,5.302634284294765e-5,-1.0773261654111788e-14,7.23026819537953e-6,7.23026819537953e-6,1.9288180152074477e-5,7.23026819537953e-6,NaN,diag_feasible,0,0,7,7,0,0,3,9.902224733073417e-14,1.12.6,lbt,1,1,Intel(R) Core(TM) 7 150U,NT,c8c2c51
degen-r50-m5-d0-p0,500,AGD-SDAJ,1e-7*n,4.9999999999999996e-5,3,26,1.1515466,1.1275062,97.91233806777771,0.0,0.0001414,0.0,0.0,0.0,0.023899000000000073,0.6960616281724704,5.302634284294765e-5,-1.0773261654111788e-14,7.23026819537953e-6,7.23026819537953e-6,1.9288180152074477e-5,7.23026819537953e-6,NaN,diag_feasible,0,0,7,7,0,0,3,9.902224733073417e-14,1.12.6,lbt,1,1,Intel(R) Core(TM) 7 150U,NT,c8c2c51
degen-r50-m5-d0-p0,500,Dykstra-APM,1e-7*n,4.9999999999999996e-5,77,77,5.1714119,4.6278408,89.48892274467637,0.0,0.0,0.0,0.0,0.2526163,0.2909547999999994,0.69588967892897,0.00014310392555139578,-9.592002798537994e-15,2.7538333682297633e-6,2.7538333682297633e-6,4.623417587331791e-5,2.7538333682297633e-6,NaN,diag_feasible,0,0,0,0,0,0,77,9.902224733073417e-14,1.12.6,lbt,1,1,Intel(R) Core(TM) 7 150U,NT,c8c2c51
degen-r50-m20-d0.01-p0,500,SBB-Dual,1e-7*n,4.9999999999999996e-5,37,38,1.5260067,1.4820333,97.11840059417827,0.0140447,0.0002089,0.0018762,0.0,0.0,0.027843599999999826,0.7417370643396413,4.499718947156746e-5,-9.23889287492906e-15,2.505687662024414e-6,0.0,4.473663189573599e-5,2.505687662024414e-6,100.0,diag_feasible,0,0,0,0,0,0,37,9.55981322557716e-14,1.12.6,lbt,1,1,Intel(R) Core(TM) 7 150U,NT,c8c2c51
degen-r50-m20-d0.01-p0,500,Newton-SIN-BH,1e-7*n,4.9999999999999996e-5,2,3,0.1683843,0.14564169999999999,86.4936339076743,0.0,1.51e-5,0.0,0.0206803,0.0,0.0020472000000000025,0.7417336868576248,6.841843336912846e-5,-1.0819611769125641e-14,1.595475677640401e-5,1.595475677640401e-5,2.9675833728987642e-5,1.595475677640401e-5,NaN,converged,6,6,0,0,0,0,2,9.55981322557716e-14,1.12.6,lbt,1,1,Intel(R) Core(TM) 7 150U,NT,c8c2c51
degen-r50-m20-d0.01-p0,500,Newton-SIN,1e-7*n,4.9999999999999996e-5,2,5,0.2366747,0.21419850000000001,90.50333643604492,0.0,1.87e-5,0.0,0.0208317,0.0,0.0016257999999999724,0.7417336868576248,6.841843336912846e-5,-1.0819611769125641e-14,1.595475677640401e-5,1.595475677640401e-5,2.9675833728987642e-5,1.595475677640401e-5,NaN,converged,6,6,0,0,0,0,2,9.55981322557716e-14,1.12.6,lbt,1,1,Intel(R) Core(TM) 7 150U,NT,c8c2c51
degen-r50-m20-d0.01-p0,500,AGD-SDAJ-BH,1e-7*n,4.9999999999999996e-5,2,13,0.5582098,0.5516809,98.83038599465651,0.0,7.64e-5,0.0,0.0,0.0,0.006452499999999949,0.7417615766915783,3.19874927205247e-5,-1.0889020447647881e-14,3.339405809765772e-6,3.339405809765772e-6,1.0708952083405405e-5,3.339405809765772e-6,NaN,diag_feasible,0,0,0,0,0,0,2,9.55981322557716e-14,1.12.6,lbt,1,1,Intel(R) Core(TM) 7 150U,NT,c8c2c51
degen-r50-m20-d0.01-p0,500,AGD-SDAJ,1e-7*n,4.9999999999999996e-5,2,13,0.5586295,0.5517027,98.76003684015971,0.0,6.83e-5,0.0,0.0,0.0,0.00685850000000001,0.7417615766915783,3.19874927205247e-5,-1.0889020447647881e-14,3.339405809765772e-6,3.339405809765772e-6,1.0708952083405405e-5,3.339405809765772e-6,NaN,diag_feasible,0,0,0,0,0,0,2,9.55981322557716e-14,1.12.6,lbt,1,1,Intel(R) Core(TM) 7 150U,NT,c8c2c51
degen-r50-m20-d0.01-p0,500,Dykstra-APM,1e-7*n,4.9999999999999996e-5,77,77,5.575598,5.1350809,92.09919545849611,0.0,0.0,0.0,0.0,0.3103571,0.1301600000000001,0.741607332417454,0.00015813702675031004,-1.071596904133279e-14,2.7964581970074676e-6,2.7964581970074676e-6,4.991793901806833e-5,2.7964581970074676e-6,NaN,diag_feasible,0,0,0,0,0,0,77,9.55981322557716e-14,1.12.6,lbt,1,1,Intel(R) Core(TM) 7 150U,NT,c8c2c51
degen-r50-m20-d0-p0,500,SBB-Dual,1e-7*n,4.9999999999999996e-5,32,33,1.5487311,1.5238347,98.39246464412061,0.0001462,0.000178,0.0078874,0.0,0.0,0.01668479999999982,0.7603362306532897,6.733139003929598e-5,-9.016416306620948e-15,3.2513504459874554e-6,0.0,4.834947158991022e-5,3.2513504459874554e-6,100.0,diag_feasible,0,0,0,0,0,0,32,1.1760747141910627e-13,1.12.6,lbt,1,1,Intel(R) Core(TM) 7 150U,NT,c8c2c51
degen-r50-m20-d0-p0,500,Newton-SIN-BH,1e-7*n,4.9999999999999996e-5,3,4,0.2438201,0.1809465,74.21311860671044,0.0,2.02e-5,0.0,0.0607525,0.0,0.0021009000000000028,0.7603362211342006,1.3621148978300692e-7,-9.016531849845759e-15,7.948817781766593e-8,7.948817781766593e-8,8.041752744774296e-8,7.948817781766593e-8,NaN,converged,14,14,0,0,0,0,3,1.1760747141910627e-13,1.12.6,lbt,1,1,Intel(R) Core(TM) 7 150U,NT,c8c2c51
degen-r50-m20-d0-p0,500,Newton-SIN,1e-7*n,4.9999999999999996e-5,3,7,0.3603166,0.3071589,85.2469467129741,0.0,1.86e-5,0.0,0.0507485,0.0,0.002390599999999972,0.7603362211342006,1.3621148978300692e-7,-9.016531849845759e-15,7.948817781766593e-8,7.948817781766593e-8,8.041752744774296e-8,7.948817781766593e-8,NaN,converged,14,14,0,0,0,0,3,1.1760747141910627e-13,1.12.6,lbt,1,1,Intel(R) Core(TM) 7 150U,NT,c8c2c51
degen-r50-m20-d0-p0,500,AGD-SDAJ-BH,1e-7*n,4.9999999999999996e-5,3,29,1.4974304,1.4795959,98.80899305904302,0.0,0.0001484,0.0,0.0,0.0,0.017686099999999975,0.7603861985492723,7.423785771259237e-5,-1.0379244597370418e-14,9.399171250756844e-6,9.399171250756844e-6,2.726404971343755e-5,9.399171250756844e-6,NaN,diag_feasible,0,0,10,10,0,0,3,1.1760747141910627e-13,1.12.6,lbt,1,1,Intel(R) Core(TM) 7 150U,NT,c8c2c51
degen-r50-m20-d0-p0,500,AGD-SDAJ,1e-7*n,4.9999999999999996e-5,3,29,1.2697195,1.2473857000000002,98.24104457716844,0.0,0.0001507,0.0,0.0,0.0,0.022183099999999737,0.7603861985492723,7.423785771259237e-5,-1.0379244597370418e-14,9.399171250756844e-6,9.399171250756844e-6,2.726404971343755e-5,9.399171250756844e-6,NaN,diag_feasible,0,0,10,10,0,0,3,1.1760747141910627e-13,1.12.6,lbt,1,1,Intel(R) Core(TM) 7 150U,NT,c8c2c51
degen-r50-m20-d0-p0,500,Dykstra-APM,1e-7*n,4.9999999999999996e-5,68,68,4.5252625,4.0479804,89.45294112772463,0.0,0.0,0.0,0.0,0.3929305,0.08435160000000003,0.7602164140498424,0.00014333957066394712,-9.438728424359576e-15,3.280797028715199e-6,3.280797028715199e-6,4.899970373230423e-5,3.280797028715199e-6,NaN,diag_feasible,0,0,0,0,0,0,68,1.1760747141910627e-13,1.12.6,lbt,1,1,Intel(R) Core(TM) 7 150U,NT,c8c2c51
