name	n	fro	abs_sum	lambda_min	lambda_max
degen-r5-m1-d0.01-p0	500	224.79590684769278	94209.849727767258	-0.030386535312796011	112.80523153793641
degen-r5-m1-d0.01-p1	500	224.79097359670254	94172.414986024844	-0.013907175274942743	114.15414178001248
degen-r5-m1-d0.01-p2	500	224.79327062983472	94177.44468367385	-0.013959124560753971	111.54172807847401
degen-r5-m1-d0.01-p3	500	224.88603363801658	94164.470929230854	-0.02345378581637303	114.30126988778196
degen-r5-m1-d0.01-p4	500	225.10266009208263	94406.124817477103	-0.01124271928623	116.99726938990635
degen-r5-m1-d0.0001-p0	500	224.79586494612258	94209.837438935007	-0.03361856363715527	112.80521719604741
degen-r5-m1-d0.0001-p1	500	224.79093346561177	94172.39900465752	-0.015325933312013807	114.15412164900935
degen-r5-m1-d0.0001-p2	500	224.79323049653831	94177.418087063823	-0.015385679342599538	111.54170948744159
degen-r5-m1-d0.0001-p3	500	224.88599319955512	94164.463654574705	-0.025929393495033558	114.30123770522529
degen-r5-m1-d0.0001-p4	500	225.10262007574551	94406.120681875182	-0.012370270855526732	116.9972537478543
degen-r5-m1-d1e-06-p0	500	224.79586452825606	94209.837316046687	-0.033650883954442767	112.80521705263189
degen-r5-m1-d1e-06-p1	500	224.79093306638242	94172.398847392091	-0.015340120899527791	114.15412144770002
degen-r5-m1-d1e-06-p2	500	224.79323009728566	94177.417821929586	-0.015399944895281337	111.54170930153205
degen-r5-m1-d1e-06-p3	500	224.88599279707984	94164.463581828139	-0.02595414957866219	114.30123738340427
degen-r5-m1-d1e-06-p4	500	225.1026196776921	94406.120640589419	-0.012381546377782389	116.99725359143409
degen-r5-m1-d1e-08-p0	500	224.7958645240775	94209.837314817793	-0.033651207157597833	112.80521705119776
degen-r5-m1-d1e-08-p1	500	224.79093306239034	94172.398845823918	-0.015340262775400772	114.15412144568701
degen-r5-m1-d1e-08-p2	500	224.79323009329337	94177.417819278227	-0.015400087550812437	111.54170929967295
degen-r5-m1-d1e-08-p3	500	224.88599279305527	94164.463581100688	-0.025954397139527026	114.30123738018608
degen-r5-m1-d1e-08-p4	500	225.10261967371181	94406.120640176567	-0.012381659133007518	116.9972535898699
degen-r5-m1-d1e-10-p0	500	224.79586452403572	94209.837314805511	-0.033651210389636199	112.80521705118342
degen-r5-m1-d1e-10-p1	500	224.7909330623504	94172.398845808217	-0.015340264194154962	114.15412144566682
degen-r5-m1-d1e-10-p2	500	224.79323009325341	94177.417819251714	-0.015400088977371273	111.54170929965437
degen-r5-m1-d1e-10-p3	500	224.88599279301502	94164.463581093412	-0.025954399615111319	114.30123738015391
degen-r5-m1-d1e-10-p4	500	225.10261967367202	94406.120640172448	-0.012381660260557668	116.99725358985421
degen-r5-m1-d0-p0	500	224.79586452403532	94209.83731480538	-0.033651210422271503	112.80521705118331
degen-r5-m1-d0-p1	500	224.79093306235001	94172.398845808071	-0.015340264208491453	114.15412144566665
degen-r5-m1-d0-p2	500	224.79323009325302	94177.417819251452	-0.015400088991775598	111.5417092996542
degen-r5-m1-d0-p3	500	224.88599279301465	94164.463581093325	-0.025954399640110877	114.30123738015357
degen-r5-m1-d0-p4	500	225.1026196736716	94406.12064017239	-0.012381660271951329	116.99725358985411
degen-r5-m5-d0.01-p0	500	224.79436670290505	94209.279518339856	-0.033248845134942445	112.80442255586769
degen-r5-m5-d0.01-p1	500	224.78943386129947	94171.63046238519	-0.027389368713104718	114.1535192840656
degen-r5-m5-d0.01-p2	500	224.79173008806936	94176.70126932807	-0.030039097081650069	111.54114542660059
degen-r5-m5-d0.01-p3	500	224.88448409593246	94163.917899854452	-0.029282949848834554	114.30067437383215
degen-r5-m5-d0.01-p4	500	225.1011197729656	94405.475682430304	-0.033058627501858145	116.99651977494881
degen-r5-m5-d0.0001-p0	500	224.79416306609761	94209.205733674287	-0.036794931319707014	112.80431923281574
degen-r5-m5-d0.0001-p1	500	224.78923209621203	94171.530458369918	-0.030283331119827905	114.15343068323115
degen-r5-m5-d0.0001-p2	500	224.79152813010626	94176.59491224699	-0.033233803114116098	111.54106274929492
degen-r5-m5-d0.0001-p3	500	224.88427966478764	94163.851163253858	-0.032391893656465748	114.30057669617605
degen-r5-m5-d0.0001-p4	500	225.10091771172742	94405.402300223359	-0.036587605742567877	116.99642168365845
degen-r5-m5-d1e-06-p0	500	224.79416103856641	94209.205014573527	-0.036830392220889047	112.80431819959537
degen-r5-m5-d1e-06-p1	500	224.78923008838666	94171.529477011558	-0.030312270783949612	114.15342979722824
degen-r5-m5-d1e-06-p2	500	224.79152612024885	94176.5938503293	-0.033265750194862193	111.54106192252806
degen-r5-m5-d1e-06-p3	500	224.88427762884834	94163.850495900726	-0.032422983176211687	114.30057571941556
degen-r5-m5-d1e-06-p4	500	225.10091570062201	94405.401567306806	-0.036622895544990985	116.99642070275425
degen-r5-m5-d1e-08-p0	500	224.79416101829199	94209.205007382523	-0.036830746829907349	112.80431818926318
degen-r5-m5-d1e-08-p1	500	224.78923006830937	94171.529467197979	-0.030312560180582367	114.15342978836821
degen-r5-m5-d1e-08-p2	500	224.79152610015126	94176.593839710127	-0.033266069665651279	111.54106191426038
degen-r5-m5-d1e-08-p3	500	224.88427760848981	94163.850489227189	-0.032423294071419022	114.30057570964792
degen-r5-m5-d1e-08-p4	500	225.10091568051192	94405.401559977618	-0.036623248443001313	116.99642069294519
degen-r5-m5-d1e-10-p0	500	224.79416101808926	94209.205007310607	-0.036830750376017893	112.80431818915984
degen-r5-m5-d1e-10-p1	500	224.78923006810862	94171.529467099841	-0.030312563074558489	114.15342978827961
degen-r5-m5-d1e-10-p2	500	224.79152609995026	94176.593839603942	-0.033266072860357987	111.54106191417775
degen-r5-m5-d1e-10-p3	500	224.8842776082862	94163.850489160453	-0.03242329718036565	114.30057570955026
degen-r5-m5-d1e-10-p4	500	225.10091568031081	94405.401559904334	-0.036623251971994314	116.99642069284705
degen-r5-m5-d0-p0	500	224.79416101808721	94209.20500730988	-0.03683075041182636	112.80431818915878
degen-r5-m5-d0-p1	500	224.78923006810658	94171.529467098851	-0.03031256310379029	114.1534297882788
degen-r5-m5-d0-p2	500	224.79152609994824	94176.593839602865	-0.033266072892665338	111.54106191417691
degen-r5-m5-d0-p3	500	224.88427760828415	94163.850489159769	-0.032423297211779209	114.30057570954926
degen-r5-m5-d0-p4	500	225.10091568030876	94405.401559903607	-0.036623252007646767	116.99642069284614
degen-r5-m20-d0.01-p0	500	224.78857107153794	94206.288692711678	-0.037600163207055497	112.80135436989545
degen-r5-m20-d0.01-p1	500	224.78362141789884	94169.057729236054	-0.040052796347560329	114.15072195130715
degen-r5-m20-d0.01-p2	500	224.78591429724347	94174.460841385851	-0.038360108527739634	111.53878159238668
degen-r5-m20-d0.01-p3	500	224.87868423609629	94161.098556334924	-0.038386482057205011	114.29810169079897
degen-r5-m20-d0.01-p4	500	225.09532172707182	94402.563965217996	-0.040976722761110723	116.99346999112623
degen-r5-m20-d0.0001-p0	500	224.7877562601974	94205.893552326233	-0.04162666175502696	112.80091359424792
degen-r5-m20-d0.0001-p1	500	224.78280459445241	94168.687996489389	-0.044347752814012736	114.15032569248177
degen-r5-m20-d0.0001-p2	500	224.78509650704328	94174.110764398822	-0.042470074204270764	111.53843894985802
degen-r5-m20-d0.0001-p3	500	224.87786736160731	94160.726174470823	-0.042499095044880891	114.29772106450854
degen-r5-m20-d0.0001-p4	500	225.09450693179483	94402.177756129968	-0.045375024279401995	116.9930364747421
degen-r5-m20-d1e-06-p0	500	224.78774814729076	94205.889621650975	-0.041666926785329399	112.8009091865496
degen-r5-m20-d1e-06-p1	500	224.78279646037694	94168.684299838962	-0.044390702390233808	114.15032172994759
degen-r5-m20-d1e-06-p2	500	224.78508836279096	94174.107279055854	-0.04251117389683709	111.53843552349554
degen-r5-m20-d1e-06-p3	500	224.87785922680004	94160.722465870189	-0.042540221201230966	114.29771725830817
degen-r5-m20-d1e-06-p4	500	225.0944988184238	94402.173912389509	-0.045419007347438922	116.99303213963823
degen-r5-m20-d1e-08-p0	500	224.78774806616525	94205.889582344244	-0.041667329435636585	112.80090914247262
degen-r5-m20-d1e-08-p1	500	224.78279637903961	94168.68426287247	-0.044391131885992134	114.15032169032229
degen-r5-m20-d1e-08-p2	500	224.78508828135185	94174.107244202416	-0.042511584893758045	111.53843548923187
degen-r5-m20-d1e-08-p3	500	224.87785914545535	94160.722428784182	-0.042540632462803304	114.29771722024621
degen-r5-m20-d1e-08-p4	500	225.09449873729358	94402.17387395211	-0.045419447178138589	116.99303209628721
degen-r5-m20-d1e-10-p0	500	224.78774806535398	94205.889581951167	-0.041667333462150097	112.80090914203183
degen-r5-m20-d1e-10-p1	500	224.78279637822624	94168.684262502808	-0.044391136180947859	114.15032168992605
degen-r5-m20-d1e-10-p2	500	224.78508828053742	94174.107243853883	-0.042511589003734009	111.53843548888926
degen-r5-m20-d1e-10-p3	500	224.87785914464189	94160.722428413312	-0.042540636575418657	114.29771721986555
degen-r5-m20-d1e-10-p4	500	225.09449873648222	94402.173873567735	-0.045419451576447931	116.99303209585366
degen-r5-m20-d0-p0	500	224.78774806534577	94205.88958194718	-0.041667333502819079	112.80090914202739
degen-r5-m20-d0-p1	500	224.78279637821805	94168.684262499068	-0.044391136224330344	114.15032168992205
degen-r5-m20-d0-p2	500	224.78508828052921	94174.107243850362	-0.042511589045252665	111.5384354888858
degen-r5-m20-d0-p3	500	224.8778591446337	94160.722428409572	-0.042540636616957117	114.29771721986174
degen-r5-m20-d0-p4	500	225.09449873647404	94402.17387356385	-0.045419451620869022	116.99303209584929
degen-r20-m1-d0.01-p0	500	114.49996822093198	45797.665204460187	-0.019319340050490005	34.668635521446504
degen-r20-m1-d0.01-p1	500	114.03599410353574	45662.731811915466	-0.017472433022366226	33.461811069630222
degen-r20-m1-d0.01-p2	500	114.34392175524829	45758.823844606493	-0.028066287308878071	34.586628889290807
degen-r20-m1-d0.01-p3	500	114.09870893768375	45621.196870776897	-0.029101704520031954	34.418094792972084
degen-r20-m1-d0.01-p4	500	114.09384531386146	45571.199842677001	-0.022702380446374203	33.393253638270309
degen-r20-m1-d0.0001-p0	500	114.4998890426031	45797.631949214323	-0.021009323488413861	34.668616257616229
degen-r20-m1-d0.0001-p1	500	114.03591472321136	45662.690369401353	-0.018959665748457553	33.461798118754032
degen-r20-m1-d0.0001-p2	500	114.34384155201482	45758.78883721571	-0.030695222983890762	34.586615034169597
degen-r20-m1-d0.0001-p3	500	114.09862833285659	45621.161532015889	-0.031850846933123914	34.41807869461055
degen-r20-m1-d0.0001-p4	500	114.09376558250916	45571.153223746442	-0.024750219934483786	33.393237677571136
degen-r20-m1-d1e-06-p0	500	114.49988825483479	45797.631617781233	-0.021026223417490893	34.668616064981855
degen-r20-m1-d1e-06-p1	500	114.03591393350442	45662.689955154201	-0.018974538151786423	33.461797989246264
degen-r20-m1-d1e-06-p2	500	114.34384075352696	45758.788487141799	-0.030721512644343245	34.586614895620684
degen-r20-m1-d1e-06-p3	500	114.09862753023839	45621.161178628274	-0.031878338650884588	34.418078533633469
degen-r20-m1-d1e-06-p4	500	114.09376478908582	45571.152757994525	-0.024770698447997869	33.393237517969567
degen-r20-m1-d1e-08-p0	500	114.49988824695748	45797.631614466904	-0.021026392416792862	34.668616063055502
degen-r20-m1-d1e-08-p1	500	114.03591392560777	45662.689951011722	-0.01897468687582906	33.461797987951165
degen-r20-m1-d1e-08-p2	500	114.34384074554244	45758.788483641059	-0.03072177554097591	34.586614894235183
degen-r20-m1-d1e-08-p3	500	114.09862752221255	45621.161175094399	-0.031878613568079792	34.418078532023706
degen-r20-m1-d1e-08-p4	500	114.093764781152	45571.15275333701	-0.024770903233148525	33.393237516373539
degen-r20-m1-d1e-10-p0	500	114.49988824687873	45797.631614433762	-0.021026394106785397	34.668616063036247
degen-r20-m1-d1e-10-p1	500	114.03591392552879	45662.689950970307	-0.018974688363069855	33.46179798793824
degen-r20-m1-d1e-10-p2	500	114.34384074546259	45758.788483606055	-0.030721778169937219	34.586614894221341
degen-r20-m1-d1e-10-p3	500	114.09862752213228	45621.16117505906	-0.031878616317267391	34.418078532007591
degen-r20-m1-d1e-10-p4	500	114.09376478107265	45571.152753290429	-0.024770905281009128	33.393237516357608
degen-r20-m1-d0-p0	500	114.49988824687793	45797.631614433427	-0.021026394123856103	34.668616063036019
degen-r20-m1-d0-p1	500	114.03591392552799	45662.689950969885	-0.018974688378099118	33.461797987938105
degen-r20-m1-d0-p2	500	114.34384074546178	45758.788483605698	-0.030721778196498212	34.586614894221199
degen-r20-m1-d0-p3	500	114.09862752213147	45621.161175058704	-0.031878616345030114	34.418078532007435
degen-r20-m1-d0-p4	500	114.09376478107187	45571.152753289964	-0.024770905301686685	33.393237516357459
degen-r20-m5-d0.01-p0	500	114.49692688732523	45796.297622394603	-0.03235297024210311	34.668042851893858
degen-r20-m5-d0.01-p1	500	114.03294590540598	45661.439870471957	-0.030523373978129313	33.461027451288317
degen-r20-m5-d0.01-p2	500	114.34088003579527	45757.702844956468	-0.033111156928394544	34.586012480378429
degen-r20-m5-d0.01-p3	500	114.09565778841214	45620.028728575257	-0.032871457768633698	34.417411187286191
degen-r20-m5-d0.01-p4	500	114.09078137073581	45570.034020839215	-0.035329044951041277	33.392648177803864
degen-r20-m5-d0.0001-p0	500	114.49652724303041	45796.119690452397	-0.035482061262607681	34.667958421902171
degen-r20-m5-d0.0001-p1	500	114.03254603105205	45661.263671162298	-0.033449076780342438	33.460928342525705
degen-r20-m5-d0.0001-p2	500	114.34047980193465	45757.549846800714	-0.036295475964687421	34.585930849551602
degen-r20-m5-d0.0001-p3	500	114.09525581485666	45619.868141507941	-0.036035276782941945	34.417319921449696
degen-r20-m5-d0.0001-p4	500	114.09037730616281	45569.863403442643	-0.038771963843807072	33.392565693177197
degen-r20-m5-d1e-06-p0	500	114.49652326469646	45796.117914820963	-0.035513352581633559	34.667957577633629
degen-r20-m5-d1e-06-p1	500	114.03254205122656	45661.261926742867	-0.033478334083476891	33.460927351479178
degen-r20-m5-d1e-06-p2	500	114.34047581771276	45757.548317111126	-0.036327319656916018	34.585930033274934
degen-r20-m5-d1e-06-p3	500	114.09525181282233	45619.866537746275	-0.036066915439145121	34.417319008827022
degen-r20-m5-d1e-06-p4	500	114.09037328211983	45569.861699911184	-0.038806393325486528	33.392564868413046
degen-r20-m5-d1e-08-p0	500	114.49652322491492	45796.117897064651	-0.03551366549486093	34.66795756919096
degen-r20-m5-d1e-08-p1	500	114.03254201143018	45661.261909298672	-0.03347862665653295	33.460927341568734
degen-r20-m5-d1e-08-p2	500	114.34047577787234	45757.548301814226	-0.036327638093884715	34.585930025112177
degen-r20-m5-d1e-08-p3	500	114.09525177280375	45619.866521708653	-0.036067231825749717	34.417318999700768
degen-r20-m5-d1e-08-p4	500	114.09037324188105	45569.861682875868	-0.03880673762033085	33.392564860165429
degen-r20-m5-d1e-10-p0	500	114.49652322451712	45796.117896887095	-0.035513668623998879	34.667957569106562
degen-r20-m5-d1e-10-p1	500	114.03254201103223	45661.261909124223	-0.033478629582268341	33.460927341469628
degen-r20-m5-d1e-10-p2	500	114.34047577747397	45757.548301661256	-0.036327641278252762	34.585930025030521
degen-r20-m5-d1e-10-p3	500	114.09525177240357	45619.866521548276	-0.036067234989618495	34.41731899960952
degen-r20-m5-d1e-10-p4	500	114.09037324147867	45569.861682705508	-0.038806741063281726	33.392564860082992
degen-r20-m5-d0-p0	500	114.4965232245131	45796.117896885298	-0.035513668655603278	34.667957569105702
degen-r20-m5-d0-p1	500	114.03254201102821	45661.26190912247	-0.033478629611818952	33.460927341468626
degen-r20-m5-d0-p2	500	114.34047577746993	45757.548301659714	-0.036327641310413036	34.585930025029711
degen-r20-m5-d0-p3	500	114.09525177239952	45619.866521546661	-0.036067235021579117	34.417318999608597
degen-r20-m5-d0-p4	500	114.09037324147461	45569.861682703791	-0.038806741098055	33.392564860082111
degen-r20-m20-d0.01-p0	500	114.48550460775283	45791.913542427486	-0.040458029023684297	34.665181838304207
degen-r20-m20-d0.01-p1	500	114.02147097962327	45656.960993716086	-0.037858806705660004	33.458284680639828
degen-r20-m20-d0.01-p2	500	114.32941327736374	45752.939773694037	-0.039787565722122845	34.583228096560674
degen-r20-m20-d0.01-p3	500	114.08417807889941	45615.502040429652	-0.040568566444310152	34.414741762212273
degen-r20-m20-d0.01-p4	500	114.07928575975372	45565.218037827319	-0.042746303277364478	33.390475932145961
degen-r20-m20-d0.0001-p0	500	114.48389920448484	45791.264986030161	-0.044479843046665662	34.664782845312963
degen-r20-m20-d0.0001-p1	500	114.0198590080702	45656.310109759637	-0.041588203763252486	33.457884094611806
degen-r20-m20-d0.0001-p2	500	114.32779891748443	45752.275388730239	-0.043728823887527454	34.582840461681641
degen-r20-m20-d0.0001-p3	500	114.08256212040384	45614.863103421696	-0.044584554373556101	34.4143570256429
degen-r20-m20-d0.0001-p4	500	114.07766408496943	45564.5376170171	-0.047010525285194615	33.390154694878944
degen-r20-m20-d1e-06-p0	500	114.48388321930787	45791.258516958216	-0.044520061830836739	34.664778855563043
degen-r20-m20-d1e-06-p1	500	114.01984295747192	45656.303617379934	-0.04162549879607453	33.457880089020378
degen-r20-m20-d1e-06-p2	500	114.32778283927114	45752.268746342932	-0.043768237109220197	34.582836585642724
degen-r20-m20-d1e-06-p3	500	114.08254602735617	45614.856728756989	-0.044624714791030237	34.414353178479104
degen-r20-m20-d1e-06-p4	500	114.07764793178229	45564.530825831265	-0.047053167883498226	33.39015148278267
degen-r20-m20-d1e-08-p0	500	114.483883059463	45791.258452267488	-0.044520464018745813	34.664778815665599
degen-r20-m20-d1e-08-p1	500	114.01984279697285	45656.303552456135	-0.0416258717465008	33.457880048964483
degen-r20-m20-d1e-08-p2	500	114.32778267849555	45752.268679919063	-0.0437686312415013	34.582836546882348
degen-r20-m20-d1e-08-p3	500	114.08254586643235	45614.856665010338	-0.044625116395256369	34.414353140007499
degen-r20-m20-d1e-08-p4	500	114.07764777025676	45564.530757930857	-0.047053594309519414	33.39015145066174
degen-r20-m20-d1e-10-p0	500	114.48388305786455	45791.25845162059	-0.044520468040612673	34.664778815266622
degen-r20-m20-d1e-10-p1	500	114.01984279536785	45656.303551806894	-0.041625875476005207	33.457880048563908
degen-r20-m20-d1e-10-p2	500	114.32778267688779	45752.268679254827	-0.043768635182819718	34.582836546494718
degen-r20-m20-d1e-10-p3	500	114.08254586482313	45614.85666437287	-0.044625120411294489	34.414353139622698
degen-r20-m20-d1e-10-p4	500	114.07764776864151	45564.53075725185	-0.047053598573783655	33.390151450340525
degen-r20-m20-d0-p0	500	114.4838830578484	45791.258451614049	-0.04452046808124159	34.664778815262594
degen-r20-m20-d0-p1	500	114.01984279535162	45656.303551800338	-0.041625875513674276	33.457880048559907
degen-r20-m20-d0-p2	500	114.32778267687155	45752.268679248111	-0.04376863522262614	34.582836546490825
degen-r20-m20-d0-p3	500	114.08254586480686	45614.856664366431	-0.04462512045186226	34.414353139618825
degen-r20-m20-d0-p4	500	114.07764776862518	45564.530757244996	-0.047053598616854583	33.390151450337306
degen-r50-m1-d0.01-p0	500	74.760745538817275	29060.812000445083	-0.019997870899675561	16.545686668193138
degen-r50-m1-d0.01-p1	500	74.830796195810649	29074.047795789691	-0.033207723750435972	17.264828606552221
degen-r50-m1-d0.01-p2	500	74.592988433262292	29037.607086474382	-0.019134823936160499	16.79484721682519
degen-r50-m1-d0.01-p3	500	74.623509812540021	29004.673493067508	-0.02256159850255967	16.302080351743754
degen-r50-m1-d0.01-p4	500	74.604921525147503	28980.09573567559	-0.0307503445225982	17.203686136624004
degen-r50-m1-d0.0001-p0	500	74.760623881515102	29060.773059496216	-0.021149670767189696	16.545656578284657
degen-r50-m1-d0.0001-p1	500	74.83067093617268	29073.979167860296	-0.035746306598759478	17.264809239851832
degen-r50-m1-d0.0001-p2	500	74.592866497098271	29037.565022076407	-0.020184241055732861	16.794827383934297
degen-r50-m1-d0.0001-p3	500	74.623387633757829	29004.613917986979	-0.023968649496442559	16.302052613492346
degen-r50-m1-d0.0001-p4	500	74.604798162212447	28980.047767201511	-0.03306571934977548	17.203630474579381
degen-r50-m1-d1e-06-p0	500	74.760622671287024	29060.772670738625	-0.021161190531778888	16.545656277403108
degen-r50-m1-d1e-06-p1	500	74.830669687987694	29073.978481607483	-0.035771695524883615	17.264809046221789
degen-r50-m1-d1e-06-p2	500	74.592865284111014	29037.56460316361	-0.020194737190546645	16.794827185610011
degen-r50-m1-d1e-06-p3	500	74.623386418179678	29004.613322797617	-0.023982721824292206	16.302052336129574
degen-r50-m1-d1e-06-p4	500	74.604796934182716	28980.047289045251	-0.033088874343457871	17.203629918063324
degen-r50-m1-d1e-08-p0	500	74.760622659185387	29060.772666851051	-0.021161305729591105	16.545656274394315
degen-r50-m1-d1e-08-p1	500	74.830669675506286	29073.978474744956	-0.035771949414445225	17.264809044285489
degen-r50-m1-d1e-08-p2	500	74.592865271981765	29037.564598974481	-0.020194842152065892	16.794827183626744
degen-r50-m1-d1e-08-p3	500	74.623386406024508	29004.613316845724	-0.023982862547736319	16.302052333355949
degen-r50-m1-d1e-08-p4	500	74.604796921902988	28980.04728426673	-0.033089105893510905	17.203629912498172
degen-r50-m1-d1e-10-p0	500	74.760622659064367	29060.772666812176	-0.021161306881564881	16.545656274364227
degen-r50-m1-d1e-10-p1	500	74.830669675381472	29073.978474676333	-0.035771951953347828	17.264809044266119
degen-r50-m1-d1e-10-p2	500	74.592865271860475	29037.564598932593	-0.020194843201682258	16.794827183606927
degen-r50-m1-d1e-10-p3	500	74.623386405902963	29004.613316786203	-0.02398286395496747	16.302052333328167
degen-r50-m1-d1e-10-p4	500	74.604796921780192	28980.047284218941	-0.03308910820901273	17.203629912442526
degen-r50-m1-d0-p0	500	74.760622659063145	29060.772666811783	-0.021161306893199262	16.545656274363925
degen-r50-m1-d0-p1	500	74.830669675380193	29073.978474675638	-0.03577195197898763	17.264809044265927
degen-r50-m1-d0-p2	500	74.592865271859253	29037.564598932167	-0.02019484321228375	16.794827183606706
degen-r50-m1-d0-p3	500	74.623386405901741	29004.613316785602	-0.02398286396918237	16.302052333327904
degen-r50-m1-d0-p4	500	74.604796921778942	28980.047284218461	-0.033089108232408945	17.203629912441947
degen-r50-m5-d0.01-p0	500	74.756071307073071	29058.777525277561	-0.032526873790797925	16.54508526968662
degen-r50-m5-d0.01-p1	500	74.826128218084136	29072.216912808057	-0.035920032913333677	17.263873969850788
degen-r50-m5-d0.01-p2	500	74.588293671401871	29035.535580575481	-0.035706677591047828	16.794184963638962
degen-r50-m5-d0.01-p3	500	74.618827110922155	29003.20537287867	-0.034118037127942008	16.301369887328381
degen-r50-m5-d0.01-p4	500	74.600232595464504	28978.060440837296	-0.035074103954035929	17.202989753192298
degen-r50-m5-d0.0001-p0	500	74.755458515260514	29058.5229237204	-0.035040862077915791	16.54498906824837
degen-r50-m5-d0.0001-p1	500	74.825512692208747	29071.963545572627	-0.038797166051992155	17.263749755782392
degen-r50-m5-d0.0001-p2	500	74.587677247223013	29035.272416712374	-0.038529288077288282	16.794092340638102
degen-r50-m5-d0.0001-p3	500	74.618212927084812	29002.993600521513	-0.036806136895923686	16.301264125058314
degen-r50-m5-d0.0001-p4	500	74.599615984289528	28977.796257685994	-0.037856433748200434	17.202857618359179
degen-r50-m5-d1e-06-p0	500	74.755452416741477	29058.520388992132	-0.03506600379854416	16.544988106293815
degen-r50-m5-d1e-06-p1	500	74.825506564595869	29071.961023263277	-0.038825944746059618	17.263748513841147
degen-r50-m5-d1e-06-p2	500	74.587671111313455	29035.269791102342	-0.038557516667910061	16.794091414470437
degen-r50-m5-d1e-06-p3	500	74.618206814571437	29002.991486151499	-0.036833019689921684	16.301263067582486
degen-r50-m5-d1e-06-p4	500	74.599609846334047	28977.793626240287	-0.037884258863007857	17.202856297244683
degen-r50-m5-d1e-08-p0	500	74.755452355759218	29058.52036364485	-0.035066255215922756	16.544988096674278
degen-r50-m5-d1e-08-p1	500	74.825506503322501	29071.960998040184	-0.038826232533683766	17.263748501421755
degen-r50-m5-d1e-08-p2	500	74.587671049957194	29035.269764846242	-0.038557798954051981	16.794091405208725
degen-r50-m5-d1e-08-p3	500	74.618206753449243	29002.991465007799	-0.036833288518033247	16.301263057007713
degen-r50-m5-d1e-08-p4	500	74.599609784957295	28977.793599925833	-0.037884537114331908	17.202856284033562
degen-r50-m5-d1e-10-p0	500	74.755452355149401	29058.520363391377	-0.03506625773009299	16.544988096578113
degen-r50-m5-d1e-10-p1	500	74.825506502709771	29071.960997787952	-0.038826235411559648	17.26374850129757
degen-r50-m5-d1e-10-p2	500	74.587671049343626	29035.269764583678	-0.038557801776915521	16.794091405116141
degen-r50-m5-d1e-10-p3	500	74.61820675283802	29002.99146479636	-0.036833291206311111	16.301263056901988
degen-r50-m5-d1e-10-p4	500	74.599609784343528	28977.793599662684	-0.037884539896845225	17.202856283901479
degen-r50-m5-d0-p0	500	74.755452355143234	29058.520363388816	-0.035066257755491589	16.544988096577129
degen-r50-m5-d0-p1	500	74.82550650270359	29071.960997785405	-0.038826235440627938	17.263748501296281
degen-r50-m5-d0-p2	500	74.58767104933743	29035.269764581026	-0.038557801805427658	16.794091405115175
degen-r50-m5-d0-p3	500	74.618206752831853	29002.991464794228	-0.036833291233467735	16.301263056900918
degen-r50-m5-d0-p4	500	74.599609784337332	28977.793599660028	-0.03788453992495152	17.202856283900115
degen-r50-m20-d0.01-p0	500	74.738500026562377	29051.322222628223	-0.040197184962983815	16.542139623376904
degen-r50-m20-d0.01-p1	500	74.808566553423333	29064.528541724059	-0.040240953007460285	17.261071155775866
degen-r50-m20-d0.01-p2	500	74.570650960774202	29027.823611225209	-0.041625322506091307	16.791580288623791
degen-r50-m20-d0.01-p3	500	74.601203777152961	28995.687118544392	-0.041940719398192598	16.29886470817814
degen-r50-m20-d0.01-p4	500	74.582613487944244	28969.799232259549	-0.041856293331290706	17.200355640240854
degen-r50-m20-d0.0001-p0	500	74.736035669106684	29050.276914085152	-0.043553268853771449	16.541719760950407
degen-r50-m20-d0.0001-p1	500	74.806099641448114	29063.460302939697	-0.043590151983167347	17.260638983352496
degen-r50-m20-d0.0001-p2	500	74.568171666184128	29026.748954568688	-0.04509975214699756	16.791201403274549
degen-r50-m20-d0.0001-p3	500	74.59873005999691	28994.684286404594	-0.045473887615661152	16.298483659612049
degen-r50-m20-d0.0001-p4	500	74.580138957295532	28968.66022380086	-0.045366788881303827	17.199934028660504
degen-r50-m20-d1e-06-p0	500	74.736011136314772	29050.26648163993	-0.043586832809828543	16.541715562746212
degen-r50-m20-d1e-06-p1	500	74.806075080478067	29063.449657573779	-0.043623650242244322	17.260634662179225
degen-r50-m20-d1e-06-p2	500	74.568146979502302	29026.738310739729	-0.045134500180554107	16.791197614735296
degen-r50-m20-d1e-06-p3	500	74.598705431289474	28994.674299127229	-0.045509221791515356	16.298479849556809
degen-r50-m20-d1e-06-p4	500	74.580114320434532	28968.64888555323	-0.045401896771472369	17.199929813054375
degen-r50-m20-d1e-08-p0	500	74.736010890997946	29050.266377315478	-0.043587168449676625	16.541715520764203
degen-r50-m20-d1e-08-p1	500	74.806074834879183	29063.449551120117	-0.043623985225411346	17.260634618967547
degen-r50-m20-d1e-08-p2	500	74.568146732646113	29026.73820430144	-0.045134847661241456	16.791197576849903
degen-r50-m20-d1e-08-p3	500	74.598705185013245	28994.674199254456	-0.045509575133506952	16.298479811456303
degen-r50-m20-d1e-08-p4	500	74.580114074076775	28968.648772170753	-0.045402247850655053	17.199929770898336
degen-r50-m20-d1e-10-p0	500	74.736010888544769	29050.266376272237	-0.043587171806073285	16.541715520344379
degen-r50-m20-d1e-10-p1	500	74.806074832423192	29063.449550055582	-0.043623988575242315	17.260634618535445
degen-r50-m20-d1e-10-p2	500	74.568146730177546	29026.738203237055	-0.045134851136047552	16.791197576471092
degen-r50-m20-d1e-10-p3	500	74.598705182550489	28994.674198255729	-0.04550957866692687	16.298479811075261
degen-r50-m20-d1e-10-p4	500	74.580114071613195	28968.648771036933	-0.04540225136144585	17.19992977047681
degen-r50-m20-d0-p0	500	74.736010888519985	29050.266376261694	-0.043587171839979344	16.541715520340134
degen-r50-m20-d0-p1	500	74.80607483239838	29063.449550044828	-0.043623988609079817	17.260634618531093
degen-r50-m20-d0-p2	500	74.56814673015262	29026.738203226305	-0.045134851171145449	16.791197576467241
degen-r50-m20-d0-p3	500	74.598705182525606	28994.674198245641	-0.045509578702617209	16.29847981107142
degen-r50-m20-d0-p4	500	74.580114071588312	28968.648771025477	-0.045402251396908427	17.199929770472544
