0	degen-r5-m1-d0-p0	100	083223db2ffb10942a263f3025900329
1	degen-r5-m1-d1e-06-p0	100	3efa4311771e87cf5115446b06c6cd34
2	degen-r5-m20-d0-p0	100	0e44fa773f9b2e96a3d32ccac6a5b436
3	degen-r5-m20-d1e-06-p0	100	d23bb36c6c98b212b98147329d6a895f
4	degen-r20-m1-d0-p0	100	c620d0b015876344c5ad3853f75010c0
5	degen-r20-m1-d1e-06-p0	100	627531a9f331564c8bc4e1587b4b2c15
6	degen-r20-m20-d0-p0	100	3fe81fbce2f037a92a9ba48d0310f6d6
7	degen-r20-m20-d1e-06-p0	100	c51d913a8a375f7d9fb7ac0ab5dc8c71
8	degen-r50-m1-d0-p0	100	1c58358630f031219550f9c0890adfa0
9	degen-r50-m1-d1e-06-p0	100	477903d485add0229db7eb7161ebcf48
10	degen-r50-m20-d0-p0	100	01d27a53cc992ee51442cb8fa9d45813
11	degen-r50-m20-d1e-06-p0	100	502da329e3ad090508ead1e0a194e150
