0	degen-r5-m1-d0.01-p0	500	0b4e066bdbcfda2715f952a186930a29
1	degen-r5-m1-d0.01-p1	500	5217fe3fd7d2422115a377e448cba33e
2	degen-r5-m1-d0.01-p2	500	b482ef63d17ea5d082ea7b46e98eba02
3	degen-r5-m1-d0.01-p3	500	7c7c9aa36c67859c26cf8fa94bbdcb69
4	degen-r5-m1-d0.01-p4	500	5b6a0dd04380c94ebd624b01f8e1539f
5	degen-r5-m1-d0.0001-p0	500	384c148b3885391629f4a99034be50c8
6	degen-r5-m1-d0.0001-p1	500	73e50c42f3cbbf429b0d31b1e60b4f57
7	degen-r5-m1-d0.0001-p2	500	93468e98b79b62e7b66ebfe1cb9a4ed4
8	degen-r5-m1-d0.0001-p3	500	49f738d9009a340e39725468097f9739
9	degen-r5-m1-d0.0001-p4	500	d87e783fc8e34407a73a1c1276782cd8
10	degen-r5-m1-d1e-06-p0	500	057594dc4db34b8a2cca1dbd7fd2aced
11	degen-r5-m1-d1e-06-p1	500	dfb5c3a9a45be4553e31be6ed29804fe
12	degen-r5-m1-d1e-06-p2	500	3bc69ee28c48ca13423551a45b37c78e
13	degen-r5-m1-d1e-06-p3	500	3e60ae5bf57132c616c49c955a381c30
14	degen-r5-m1-d1e-06-p4	500	eda624c19b6365cf7821e93796a9b8bf
15	degen-r5-m1-d1e-08-p0	500	e6d274091431219ed8f8357dad69b537
16	degen-r5-m1-d1e-08-p1	500	f1d5cd43219b4406dd8a459b7a846435
17	degen-r5-m1-d1e-08-p2	500	d3bcd00f5be870057ce9030b9df068d1
18	degen-r5-m1-d1e-08-p3	500	a93d827d9c980580f5c6f4417f8e08ad
19	degen-r5-m1-d1e-08-p4	500	5c55b86057c00899464e67bb411c4b4f
20	degen-r5-m1-d1e-10-p0	500	1b4eb6e191bd2175d83cc820c0aa9aec
21	degen-r5-m1-d1e-10-p1	500	9bd9a9d67304e66f028416393c7888b3
22	degen-r5-m1-d1e-10-p2	500	95ef11149279e40f272b520f9be83783
23	degen-r5-m1-d1e-10-p3	500	389dec4c6dee550b148dba7ec186213e
24	degen-r5-m1-d1e-10-p4	500	1ac688949e8b77fc083d63934c692549
25	degen-r5-m1-d0-p0	500	4ced9902aef4ea2c14102f8903b9d6f3
26	degen-r5-m1-d0-p1	500	b6e20bf823b05b2723fda4b76989704d
27	degen-r5-m1-d0-p2	500	3ce2ef1660046fc997f7f50f3ae90798
28	degen-r5-m1-d0-p3	500	dd02787157dd38dea5c1a53bc049c759
29	degen-r5-m1-d0-p4	500	e957a32501018edc9c1be17ce8b8b95d
30	degen-r5-m5-d0.01-p0	500	0b2579dc57a9ba7c90d762e90670ab43
31	degen-r5-m5-d0.01-p1	500	c95b44fbcabdb1fc3ad12effc1df9053
32	degen-r5-m5-d0.01-p2	500	c7ea2f1d82b4424a3155de68a8888f94
33	degen-r5-m5-d0.01-p3	500	d6a2555d26806407c7fe6b947caa42c9
34	degen-r5-m5-d0.01-p4	500	e9f8363a24e002f563963cd36dabdfcb
35	degen-r5-m5-d0.0001-p0	500	48b532060a049f4a54171d8dd219fb1e
36	degen-r5-m5-d0.0001-p1	500	a519ca9269008f84532c68b2f80afeaa
37	degen-r5-m5-d0.0001-p2	500	f8051763404b8c51a507edfd2a5774a0
38	degen-r5-m5-d0.0001-p3	500	8743fb66b2b0f90f73e1b0ca2d0ca698
39	degen-r5-m5-d0.0001-p4	500	87509a3cc36f30277183a2ff3270c4c9
40	degen-r5-m5-d1e-06-p0	500	064f46bb139f1fab83593e76a36b9559
41	degen-r5-m5-d1e-06-p1	500	ec80581d577d0d12837cc537ed8d762d
42	degen-r5-m5-d1e-06-p2	500	255b001a1dd040576644be4df8ba3e76
43	degen-r5-m5-d1e-06-p3	500	9b3d1d9b4ef7f8dfccce36a6c3502a87
44	degen-r5-m5-d1e-06-p4	500	699a8bc4e5d91f3b0fe4908e68175af2
45	degen-r5-m5-d1e-08-p0	500	15a3ea38bbffa18d68ee40fd72f88122
46	degen-r5-m5-d1e-08-p1	500	61cbf6c420ddeed8712f89bb894de8aa
47	degen-r5-m5-d1e-08-p2	500	70e15ec381b831e809710ba44b908949
48	degen-r5-m5-d1e-08-p3	500	1f0073f20576b0a3fa4eb9725eaa12ec
49	degen-r5-m5-d1e-08-p4	500	6d4bcb07aa262ab2c17307cea2b4f3e5
50	degen-r5-m5-d1e-10-p0	500	6d512a318a1ceec571e7044dacf2cac2
51	degen-r5-m5-d1e-10-p1	500	796735fe4834085ef0313055aa5e1e2e
52	degen-r5-m5-d1e-10-p2	500	c46ec0a1a933e0d8e59308d2b0b6d715
53	degen-r5-m5-d1e-10-p3	500	2776aed593aa21ec33c527d31d48b17c
54	degen-r5-m5-d1e-10-p4	500	d3cdd5742c9bdce051f407379d6745dd
55	degen-r5-m5-d0-p0	500	63f4d48acff456d12e947cf80bb1b193
56	degen-r5-m5-d0-p1	500	2717f2ad5d7679d46fe9b7660e7a4b64
57	degen-r5-m5-d0-p2	500	766c9f514c4d8d409d6f413b416ca5ba
58	degen-r5-m5-d0-p3	500	2dc9d15c19e6e9d86a27a0ffd75f6574
59	degen-r5-m5-d0-p4	500	0c789b43b2eae5387619ae70b0d66fac
60	degen-r5-m20-d0.01-p0	500	80225cb81b9ef7f539172be3531ba36c
61	degen-r5-m20-d0.01-p1	500	894598cd6418df2c58090a85d81dc804
62	degen-r5-m20-d0.01-p2	500	e4932108c6d4f701961a8db11eb01ac0
63	degen-r5-m20-d0.01-p3	500	2075c277d20f5d2c71e07ee929a6c127
64	degen-r5-m20-d0.01-p4	500	9f8933436e95a60ec4462b998456c171
65	degen-r5-m20-d0.0001-p0	500	49cb31ec6381e0d1152ddcbf06d22291
66	degen-r5-m20-d0.0001-p1	500	d288a0a49b69b98840cea3185455e1b0
67	degen-r5-m20-d0.0001-p2	500	fb514bf6838c26c9e34829167af5153d
68	degen-r5-m20-d0.0001-p3	500	5387290bef6f6bc74736d88ff0bc28fb
69	degen-r5-m20-d0.0001-p4	500	e32cbafabf577330a1163b4f4959ef02
70	degen-r5-m20-d1e-06-p0	500	8222d1844eb5292764e5906ca8d7577c
71	degen-r5-m20-d1e-06-p1	500	16a12d23ead18b614ea0492d201f55e0
72	degen-r5-m20-d1e-06-p2	500	a729da1d03cdffed5ba4a486a063692b
73	degen-r5-m20-d1e-06-p3	500	726b4423841ab240e4b3cbe9552ce7d2
74	degen-r5-m20-d1e-06-p4	500	389c2499fbdd4270c03b8d410965b967
75	degen-r5-m20-d1e-08-p0	500	7e0d9849eed12abd09d04b71cc45d35f
76	degen-r5-m20-d1e-08-p1	500	ab93676cf7ac18ec64b641bf860416e1
77	degen-r5-m20-d1e-08-p2	500	7171483e4453cc641aa08a2d38d0d603
78	degen-r5-m20-d1e-08-p3	500	32e8f59b06092266a9da5cff8d663917
79	degen-r5-m20-d1e-08-p4	500	b2b5e4ca8295e9af77cc13e3a41028dc
80	degen-r5-m20-d1e-10-p0	500	c96bdcb53894a7f1ce40285a89e53873
81	degen-r5-m20-d1e-10-p1	500	cdcaaf386228b40d4652185979dd8d61
82	degen-r5-m20-d1e-10-p2	500	fda3b58c2f6342b254837e704d662ed5
83	degen-r5-m20-d1e-10-p3	500	d17e4f6496b630e8b83170e4582dca53
84	degen-r5-m20-d1e-10-p4	500	d0bf2bbf4c6caa1981279ea79b6e820d
85	degen-r5-m20-d0-p0	500	ba26dca9e3fd8c04725c9af3ea086cec
86	degen-r5-m20-d0-p1	500	1956c0e7e3ea51d0393b2f1406451f2e
87	degen-r5-m20-d0-p2	500	68826ee777d249a80c16fd47d5100432
88	degen-r5-m20-d0-p3	500	13ab34374cce6e70ac2c82d1e33744dc
89	degen-r5-m20-d0-p4	500	127be52dda42f242e8bca44761bbef0e
90	degen-r20-m1-d0.01-p0	500	59d3b4aab6b2974f487e333b4a051fe0
91	degen-r20-m1-d0.01-p1	500	180a36bc466bff23f34ca65fed04bd1a
92	degen-r20-m1-d0.01-p2	500	69ad4c68208616cc489d6e137fae7e04
93	degen-r20-m1-d0.01-p3	500	2d8a04a015c41db90979d0c4894fad15
94	degen-r20-m1-d0.01-p4	500	7b385f251cb32665c1c744b405fc474c
95	degen-r20-m1-d0.0001-p0	500	29d25d6b5c16ab80df80fbe0f9e029a2
96	degen-r20-m1-d0.0001-p1	500	dd8ef1fafee0ad934f9b8e5c08e4dd1d
97	degen-r20-m1-d0.0001-p2	500	a44fe0cb3c12652798aca343b5414d8d
98	degen-r20-m1-d0.0001-p3	500	ce49806de41121a5d699ee2a03abb313
99	degen-r20-m1-d0.0001-p4	500	90533686eb80ca930c0cf40dbea281d6
100	degen-r20-m1-d1e-06-p0	500	b016b21f08bf815a854fe781fdc78e59
101	degen-r20-m1-d1e-06-p1	500	749e2d015dd109a5072a59b2ded92d49
102	degen-r20-m1-d1e-06-p2	500	54fc481bbee504645aacb4ca5f64c109
103	degen-r20-m1-d1e-06-p3	500	8e276f835cc8ef574330924125074cdc
104	degen-r20-m1-d1e-06-p4	500	7d9a2abe9d376b702af5c002519bebbb
105	degen-r20-m1-d1e-08-p0	500	512cc7f511131c41b9d50a48a658fa30
106	degen-r20-m1-d1e-08-p1	500	e6a22bb28e3e5310aecd2d91607fcf1d
107	degen-r20-m1-d1e-08-p2	500	f849ea510e4b2804a20eef5c216de707
108	degen-r20-m1-d1e-08-p3	500	80e43ec84494dddf2f3e1fa05b80aa72
109	degen-r20-m1-d1e-08-p4	500	31f9039515db6e22bfff07e75e3761fb
110	degen-r20-m1-d1e-10-p0	500	5c41de8b291ad1199c3d4ba3efe81a78
111	degen-r20-m1-d1e-10-p1	500	ea46ad8ebd565e5c1649917727a773ea
112	degen-r20-m1-d1e-10-p2	500	7b031c0165858b3969ab7bc65037584a
113	degen-r20-m1-d1e-10-p3	500	d7d77734a5dbe459b9e92f0aacbcbe36
114	degen-r20-m1-d1e-10-p4	500	829f8585e2031f9dd5a87a21aafd5d16
115	degen-r20-m1-d0-p0	500	717549ac6759c06652fc881dc380322d
116	degen-r20-m1-d0-p1	500	930f0a5aa8b6f350db9aaeb1e54ac40c
117	degen-r20-m1-d0-p2	500	37cc73a7a139a847aa5077c1b7a3f74b
118	degen-r20-m1-d0-p3	500	7d87e698c95661e020eb0fe9db3ba100
119	degen-r20-m1-d0-p4	500	9c752eab72ff5e87971fa26be923b19a
120	degen-r20-m5-d0.01-p0	500	cceeacf6668af4b0daf818607fa49e56
121	degen-r20-m5-d0.01-p1	500	425f5a31b75499a5cf17d1fc974d0f60
122	degen-r20-m5-d0.01-p2	500	79d5e79a68d72ca499f7f4956da8e8a7
123	degen-r20-m5-d0.01-p3	500	ce1126291d36337052c2775a92c0c3ec
124	degen-r20-m5-d0.01-p4	500	044f41e03a4feb68335957718d2d222d
125	degen-r20-m5-d0.0001-p0	500	99d9f790d9bd727de5866f1a9aa9c1d7
126	degen-r20-m5-d0.0001-p1	500	7fcfec3dba5ec1ef6a9b612353e234ac
127	degen-r20-m5-d0.0001-p2	500	4eb6d885574c1a4095d0586edd7c0453
128	degen-r20-m5-d0.0001-p3	500	9dc084b3e0f4977c53c26babcf14db14
129	degen-r20-m5-d0.0001-p4	500	f8fab674c57c45fe39474b5f7d58d8a2
130	degen-r20-m5-d1e-06-p0	500	01833747400bffc5d3a96959eac17d81
131	degen-r20-m5-d1e-06-p1	500	87acd73d1d4c8aefecdc403beef8c52c
132	degen-r20-m5-d1e-06-p2	500	45b2d986233c4ef79d5192d562d7d9f1
133	degen-r20-m5-d1e-06-p3	500	bb151493e021912e020c285253309632
134	degen-r20-m5-d1e-06-p4	500	7fbaafc0e97eeb49d50e977516eeb483
135	degen-r20-m5-d1e-08-p0	500	04e08441cc8019ff0ca3fe1dc1f10794
136	degen-r20-m5-d1e-08-p1	500	9649b774f0e4634a489881d8e6ac62bd
137	degen-r20-m5-d1e-08-p2	500	0f1bf44ec8d233e765f00ab69832c2b6
138	degen-r20-m5-d1e-08-p3	500	893add83243251b01e02202fe4b30e0f
139	degen-r20-m5-d1e-08-p4	500	b1e37cdc5b48c8d4c2261709dc6cad96
140	degen-r20-m5-d1e-10-p0	500	2fdaf4d504b2c3153d36f1a15a58a318
141	degen-r20-m5-d1e-10-p1	500	110949612618d347993b8092a4563b30
142	degen-r20-m5-d1e-10-p2	500	ce3facbe9a66c967b1b9db7a8582b8af
143	degen-r20-m5-d1e-10-p3	500	e2978f60dc8ffcf37f083b844aeee5ee
144	degen-r20-m5-d1e-10-p4	500	32b02c3f29ae21bba581b579f8e801dd
145	degen-r20-m5-d0-p0	500	3753569c47afd25b9a50644167c96b0a
146	degen-r20-m5-d0-p1	500	d0aeba155989071ba8d83f15e9e4ff4a
147	degen-r20-m5-d0-p2	500	cf12f73876ae853767664e8c1dda296d
148	degen-r20-m5-d0-p3	500	5f7432106b81c9820c506d14825abe87
149	degen-r20-m5-d0-p4	500	cac8b8be5bfa9b2af362b869abde64b0
150	degen-r20-m20-d0.01-p0	500	a9ed842cba6918a326a0cff278a0aba1
151	degen-r20-m20-d0.01-p1	500	84da1c60a9e911ad78e5eddbc3edea89
152	degen-r20-m20-d0.01-p2	500	7e17a919f30f941bd22acd73ce5aadf9
153	degen-r20-m20-d0.01-p3	500	80dbff5e4d71d8ff93e2de1b15f20fea
154	degen-r20-m20-d0.01-p4	500	cfecb67c044cfd9557d26e0f3e47a922
155	degen-r20-m20-d0.0001-p0	500	80fcf70b20a2e7f1930b260237d95e80
156	degen-r20-m20-d0.0001-p1	500	d9d3febcc783d1b622bc0dc56bf25d88
157	degen-r20-m20-d0.0001-p2	500	7e9fba3acdd6ca7b1b2e8898f5e97d74
158	degen-r20-m20-d0.0001-p3	500	ab95e366d4d3d0dd1d81b5780d043546
159	degen-r20-m20-d0.0001-p4	500	e61231642b0fd250ecc3eecd9a279fba
160	degen-r20-m20-d1e-06-p0	500	b80459a923be23da2ee7ce23a5b1a4c5
161	degen-r20-m20-d1e-06-p1	500	3b1c4ba9240243b860ff979123c0f1df
162	degen-r20-m20-d1e-06-p2	500	29aef21f41e71b9b594192a6aa603f05
163	degen-r20-m20-d1e-06-p3	500	5a18176c1ba0208e54afcebfd01018a6
164	degen-r20-m20-d1e-06-p4	500	d470cd3105c0b541d5344bf79750a887
165	degen-r20-m20-d1e-08-p0	500	0c6398f4e84790cfdfb28c0864ba2ef1
166	degen-r20-m20-d1e-08-p1	500	0a3779ca4cfa4a475d186a192de4571b
167	degen-r20-m20-d1e-08-p2	500	e914e3fbfbcd2375a8f02eff30d35968
168	degen-r20-m20-d1e-08-p3	500	22cb64ae735dcad33a45e8c6453427b8
169	degen-r20-m20-d1e-08-p4	500	c6cb6c7cddbcb5ae2bc3e42f65761d1b
170	degen-r20-m20-d1e-10-p0	500	d8b80a4888dbf831feb6a0f1adfdce8f
171	degen-r20-m20-d1e-10-p1	500	d776ebf1a580ee91f9a4bf369e4c2776
172	degen-r20-m20-d1e-10-p2	500	e941607a0a91ba3e55954d93cae38574
173	degen-r20-m20-d1e-10-p3	500	b5b9cd76ae38c379bc4bda15acd94b50
174	degen-r20-m20-d1e-10-p4	500	ee7f0ea56e177dca30b2c37d237b33c9
175	degen-r20-m20-d0-p0	500	356e0e65f3e10d697ea6120f8fc7f8f4
176	degen-r20-m20-d0-p1	500	47b11a35f1401e847e648ae0ba36455a
177	degen-r20-m20-d0-p2	500	06ed49ebb88fae405852230230a9d024
178	degen-r20-m20-d0-p3	500	74692acd6ee7b6582470816a8a5a9284
179	degen-r20-m20-d0-p4	500	f5477e2b6bd123661797c6890e51d05f
180	degen-r50-m1-d0.01-p0	500	437662bf5fe79c422e9c25c5a45cb6e6
181	degen-r50-m1-d0.01-p1	500	e8d9b6150b42553e410d3a12e4aaf0dd
182	degen-r50-m1-d0.01-p2	500	6a659433ab5344d0e1eb7877e91858e7
183	degen-r50-m1-d0.01-p3	500	2a15870116c0f2169f85434fecf17baa
184	degen-r50-m1-d0.01-p4	500	873cffb7c48b6ef1b8525996bcf2fda4
185	degen-r50-m1-d0.0001-p0	500	d071cc8409a065d8871f652a128f8866
186	degen-r50-m1-d0.0001-p1	500	54be5cb20ef6436089f02ec7cae56802
187	degen-r50-m1-d0.0001-p2	500	47b0c87378509f8a44f005fa65512645
188	degen-r50-m1-d0.0001-p3	500	01fa15ac3399d097a3f22426896c4a9e
189	degen-r50-m1-d0.0001-p4	500	2924cd50ca2877a3c77a3581fbe21430
190	degen-r50-m1-d1e-06-p0	500	bdc3398cead5de062560dac785bf3158
191	degen-r50-m1-d1e-06-p1	500	32a29cecd1ddf12b41b3874ae60b81b6
192	degen-r50-m1-d1e-06-p2	500	8450e3ad71936f6895c7fe27b40cd095
193	degen-r50-m1-d1e-06-p3	500	a463129dca7ebee39704be8f944f624d
194	degen-r50-m1-d1e-06-p4	500	0d23348542975113a5990c296216e3e7
195	degen-r50-m1-d1e-08-p0	500	34e7771285e07d89382a4f0e6be18be4
196	degen-r50-m1-d1e-08-p1	500	31b7c1cddf4bf4c82c8a75da9ad3ebea
197	degen-r50-m1-d1e-08-p2	500	986783c2f65d3dd3a0c4222148172559
198	degen-r50-m1-d1e-08-p3	500	17d981529e53b8c2f3f680edc5683bcd
199	degen-r50-m1-d1e-08-p4	500	9d86906ecfcc07acdb77741d1ae5f0f0
200	degen-r50-m1-d1e-10-p0	500	e00b08912cd0785ca252ed239f93c24d
201	degen-r50-m1-d1e-10-p1	500	15285d83c8ed85ed60cdea656a6aa107
202	degen-r50-m1-d1e-10-p2	500	ed4a829fcb8aed29cf9d6dd83c3d7c14
203	degen-r50-m1-d1e-10-p3	500	05fd6eac32591765225c59586c025e36
204	degen-r50-m1-d1e-10-p4	500	7df7da3e491cfe760558e8a779afa95b
205	degen-r50-m1-d0-p0	500	b1c1ce53bb6630a3c234ede7484b26ec
206	degen-r50-m1-d0-p1	500	d7fa899fc30b6b8a29f4b6941d88fcac
207	degen-r50-m1-d0-p2	500	925a0e261857736e0780abebbb18389b
208	degen-r50-m1-d0-p3	500	a623037be2568ac87d2006d764f220cc
209	degen-r50-m1-d0-p4	500	d164be6062772ee45be4efbe08c303c6
210	degen-r50-m5-d0.01-p0	500	f98a06a45218827eb454458dc887671f
211	degen-r50-m5-d0.01-p1	500	50c4db9d9f09cab255a533355ef85a5a
212	degen-r50-m5-d0.01-p2	500	d597f07c0d3fea24d34604edc0c7f65d
213	degen-r50-m5-d0.01-p3	500	870959d06e2f89409d7906dbe26e9295
214	degen-r50-m5-d0.01-p4	500	4618079c5ed7e6cd774f1312aaf9d37c
215	degen-r50-m5-d0.0001-p0	500	43b00741f07b1c03e981d273e2bae7de
216	degen-r50-m5-d0.0001-p1	500	6f6b21406a35459ed090c1b47be2ea9e
217	degen-r50-m5-d0.0001-p2	500	878875068c53a6dbd3ea0fca3feb1a03
218	degen-r50-m5-d0.0001-p3	500	ebb425bac0c0c784ddd32453aaa33f0b
219	degen-r50-m5-d0.0001-p4	500	8b7938ab7583b101ab41a7154cdc6461
220	degen-r50-m5-d1e-06-p0	500	06cbf815af2b09e12ecb0ea01ddf6f49
221	degen-r50-m5-d1e-06-p1	500	458fb038673a8ec7fd4458003c6e6657
222	degen-r50-m5-d1e-06-p2	500	c6db40f34c267e4a13131329704c8839
223	degen-r50-m5-d1e-06-p3	500	b43e890e2d7c69f54963167b8c3b1141
224	degen-r50-m5-d1e-06-p4	500	25eaca52320e9942cef8ef6c6d518e1e
225	degen-r50-m5-d1e-08-p0	500	c458e203e4068dba6b460ef2121f8e5a
226	degen-r50-m5-d1e-08-p1	500	831fce227ad944c2d3d2b38472c90825
227	degen-r50-m5-d1e-08-p2	500	249e2b9cfadaf0b362cc8efbc6bb3b6b
228	degen-r50-m5-d1e-08-p3	500	213cd04678fcc22737ba9f8b0bcfed6c
229	degen-r50-m5-d1e-08-p4	500	585b7e1f18b4a11b5ca184546c75b9d6
230	degen-r50-m5-d1e-10-p0	500	0192e43e3602f62bcd4625e76a5de208
231	degen-r50-m5-d1e-10-p1	500	52e8f52a13733f8c1114016c8537df0d
232	degen-r50-m5-d1e-10-p2	500	821310adeedd82aae7cb3538689341de
233	degen-r50-m5-d1e-10-p3	500	60ad6a020d54abfe0818bf2ade0f222f
234	degen-r50-m5-d1e-10-p4	500	c436192054c576f2e583bce89912e35a
235	degen-r50-m5-d0-p0	500	a0fc4adf2aca79be43ede488fa5c9021
236	degen-r50-m5-d0-p1	500	89994f8bdaa1fbc7fd159263d3e46a08
237	degen-r50-m5-d0-p2	500	e4d006d13e5ad4acec14c89bd56b9437
238	degen-r50-m5-d0-p3	500	8fd3576a5dfdf49d0b4581f4e7648efe
239	degen-r50-m5-d0-p4	500	d25f92392acb306169c47abdb2d39663
240	degen-r50-m20-d0.01-p0	500	3ff9ed61e229710c0df94414fdb57aa9
241	degen-r50-m20-d0.01-p1	500	f5e8c4ed50e64562108b182c734e5238
242	degen-r50-m20-d0.01-p2	500	e9ffbf12d6fbf1db0e5e5f3e1ecb4c7f
243	degen-r50-m20-d0.01-p3	500	d2f115ee7a3dbf8857dcf26a269e6988
244	degen-r50-m20-d0.01-p4	500	5b4cd3992133a752a213da2299b5fb4b
245	degen-r50-m20-d0.0001-p0	500	83346037df156e9748e2d5ef1bbbcc62
246	degen-r50-m20-d0.0001-p1	500	3a704b6fff00055d7ea64e1c56b787ba
247	degen-r50-m20-d0.0001-p2	500	68f007493cad78f876b4acb567aa035a
248	degen-r50-m20-d0.0001-p3	500	7b2d92a8b90d156e42bd806859f2d2a6
249	degen-r50-m20-d0.0001-p4	500	b11b63c9fbd5abf960fa4b27b6b583ca
250	degen-r50-m20-d1e-06-p0	500	f7ba9ae0d5d3ba3199dd576d033ea6b9
251	degen-r50-m20-d1e-06-p1	500	935ae71f081becb95580f40c37e257ca
252	degen-r50-m20-d1e-06-p2	500	6c7701dd761a3e5121ad37c303908784
253	degen-r50-m20-d1e-06-p3	500	c4c6778ae2274f89fa0b2e9435ef7ee1
254	degen-r50-m20-d1e-06-p4	500	cf9301998fb5e10dc79cbb9ac96e90b2
255	degen-r50-m20-d1e-08-p0	500	f8e51aaa5e9f847211ff2cedf25b0d88
256	degen-r50-m20-d1e-08-p1	500	5af819f3d0bf4932c43ef1b1ba830af5
257	degen-r50-m20-d1e-08-p2	500	b903208ea3571eeea2d5b94d8814fe50
258	degen-r50-m20-d1e-08-p3	500	2385f8f46125aa723bedf0dfa0d59351
259	degen-r50-m20-d1e-08-p4	500	7bd2aa963b23e51381bfb7cbe03b3e16
260	degen-r50-m20-d1e-10-p0	500	949a2dfa1e82b7ef65cc13756b858191
261	degen-r50-m20-d1e-10-p1	500	c036f3a754f516ab8ee6acb3d5ac759e
262	degen-r50-m20-d1e-10-p2	500	d6eeccf8beeec1e674d7ee539ec6aba8
263	degen-r50-m20-d1e-10-p3	500	80701ec626621286851cf390f1ff27e7
264	degen-r50-m20-d1e-10-p4	500	459eab155a0197ce0dedb6c9fe1f73bd
265	degen-r50-m20-d0-p0	500	6e2470c98ca8e39312693a2e9806bb1b
266	degen-r50-m20-d0-p1	500	98b7d265a1071e1f72c4dd4e3d0c0f8c
267	degen-r50-m20-d0-p2	500	73d3339f4dc0d7693b1b5f5b8ee0b5cf
268	degen-r50-m20-d0-p3	500	909c18d6a50e695956041e5958407221
269	degen-r50-m20-d0-p4	500	8d070ed9cb531372247cef216a675b68
