idx,name,n,rank,near_zero_mult,delta,rotation_seed,pair_id,mu_bulk,factor_fit_rel,sha256_G,diag_dev,offdiag_absmax,lambda_min_G,beta_count,kkt_grad_norm,exactness_fro,pos_count,neg_count
0,thesiskkt-r50-m1-d0-p0,2105,50,1,0.0,20310913,0,0.1,0.923304421967905,117161137a052b11cd3c3265752f35cf,1.3322676295501878e-15,0.9980531190967386,-0.007550191531340937,1,1.092407554328394e-13,3.4063249544371232e-12,50,2054
1,thesiskkt-r50-m1-d0-p1,2105,50,1,0.0,20310914,1,0.1,0.923304421967905,bcece8cc3788ce06b1d24770207fa35b,1.3322676295501878e-15,0.9981205020656054,-0.0076216276992736144,1,6.0721181767923e-14,1.9080517308841767e-12,50,2054
2,thesiskkt-r50-m20-d0-p0,2105,50,20,0.0,20310913,0,0.1,0.923304421967905,9d7b40e9c7b6d147dadcf3c138a0b454,1.3322676295501878e-15,0.9979718195863811,-0.008068737869807833,20,3.647146004237224e-14,1.1189059777459317e-12,50,2035
3,thesiskkt-r50-m20-d0-p1,2105,50,20,0.0,20310914,1,0.1,0.923304421967905,b973df39765efb6666a9a5c15b5eace8,1.3322676295501878e-15,0.9979000146004039,-0.008658742128308753,20,5.768257720277539e-14,2.2866660660168017e-12,50,2035
4,thesiskkt-r100-m1-d0-p0,2105,100,1,0.0,20360913,0,0.1,0.6557238484107385,15213c3c4ba145dbfce41c0b5d7387ec,2.3314683517128287e-15,0.9966126923081866,-0.01303206635456836,1,4.33449325682788e-14,1.2375021356993433e-12,100,2004
5,thesiskkt-r100-m1-d0-p1,2105,100,1,0.0,20360914,1,0.1,0.6557238484107385,99983e5fa7d86ac4ced9c9c015b8ac36,2.4424906541753444e-15,0.9966082679855703,-0.012719932397005085,1,4.722195002150478e-14,1.265389320007552e-12,100,2004
6,thesiskkt-r100-m20-d0-p0,2105,100,20,0.0,20360913,0,0.1,0.6557238484107385,47d19c47c0d7bbd723c6fcc6cc4afb7c,2.3314683517128287e-15,0.9966900317805542,-0.014077722051420636,20,1.100705364646262e-13,3.1149100578518077e-12,100,1985
7,thesiskkt-r100-m20-d0-p1,2105,100,20,0.0,20360914,1,0.1,0.6557238484107385,513d95e815bcba260bcf591061ce6520,2.3314683517128287e-15,0.9962654854895111,-0.013570220508639465,20,4.430694092967575e-14,1.4976932066723604e-12,100,1985
8,thesiskkt-r200-m1-d0-p0,2105,200,1,0.0,20460913,0,0.1,0.3958554725179134,b687513cab60e433b79b121e444c28ba,1.9984014443252818e-15,0.9917155847672394,-0.019075463418341328,1,5.765318790884006e-14,1.8368434437577777e-12,200,1904
9,thesiskkt-r200-m1-d0-p1,2105,200,1,0.0,20460914,1,0.1,0.3958554725179134,450bafb7334781b34aef3e430840c18e,1.9984014443252818e-15,0.9917104649149415,-0.019059314367641057,1,9.444683649100146e-14,1.9592399362118084e-12,200,1904
10,thesiskkt-r200-m20-d0-p0,2105,200,20,0.0,20460913,0,0.1,0.3958554725179134,b3a635e54a04bbb36cfcee8cc27b8608,1.9984014443252818e-15,0.9918435782617548,-0.020060937658610604,20,5.693192926889512e-14,1.4130964468684843e-12,200,1885
11,thesiskkt-r200-m20-d0-p1,2105,200,20,0.0,20460914,1,0.1,0.3958554725179134,c4aa2eeb412691b8f99f29e8ff728a33,1.9984014443252818e-15,0.9914617823060753,-0.01977067004343617,20,5.6166642572204354e-14,1.2387256681202246e-12,200,1885
12,thesiskkt-r400-m1-d0-p0,2105,400,1,0.0,20660913,0,0.1,0.1819786672337709,c110d9a8ef266f613f96082902d9f790,3.1086244689504383e-15,0.9798265307816838,-0.03446839041626537,1,7.389499667796565e-14,1.8546776539578704e-12,400,1704
13,thesiskkt-r400-m1-d0-p1,2105,400,1,0.0,20660914,1,0.1,0.1819786672337709,628ab4c759021580f3695ad1c4450f76,3.1086244689504383e-15,0.9798148895425179,-0.034500030932064565,1,8.299427647435732e-14,1.370875681404819e-12,400,1704
14,thesiskkt-r400-m20-d0-p0,2105,400,20,0.0,20660913,0,0.1,0.1819786672337709,10af045acf2d9c973f41c14c1653a8c4,3.1086244689504383e-15,0.979482649495334,-0.03496776281878941,20,6.643643596873632e-14,2.0304917423980805e-12,400,1685
15,thesiskkt-r400-m20-d0-p1,2105,400,20,0.0,20660914,1,0.1,0.1819786672337709,362a69867cedb2cdf60f505570e76cb6,3.1086244689504383e-15,0.9800260158029896,-0.0351321461475716,20,5.696244805696211e-14,1.1254626297943017e-12,400,1685
