0	thesiskkt-r20-m1-d1e-05-p0	550	8e144e9b6988c8b81446c72b3dd4ce73
1	thesiskkt-r20-m1-d1e-05-p1	550	0fb99a2c34a52d37c6a8c6ed451aefbc
2	thesiskkt-r20-m1-d1e-05-p2	550	53d58d87290a276271d48aecc58d316a
3	thesiskkt-r20-m1-d1e-09-p0	550	55414732c44d252f5601695a002847e2
4	thesiskkt-r20-m1-d1e-09-p1	550	349b3f9efa77483c995db88bb772a834
5	thesiskkt-r20-m1-d1e-09-p2	550	24ae80c6f580aba4ffed7792d5f44889
6	thesiskkt-r20-m1-d0-p0	550	3ad43eed402f2b2c2fcc1eeb41e33202
7	thesiskkt-r20-m1-d0-p1	550	e710cf2326a60f55c639ccdd8a7b51b4
8	thesiskkt-r20-m1-d0-p2	550	06493e03ad3d2beb495b1ea8a77351f7
9	thesiskkt-r20-m5-d1e-05-p0	550	e2d5ab6a42955ef672b2817922628886
10	thesiskkt-r20-m5-d1e-05-p1	550	fd29266951e0fd60bec6c64a78cc01fc
11	thesiskkt-r20-m5-d1e-05-p2	550	2fb2b65c60c2da9f6ee24265ba0e8584
12	thesiskkt-r20-m5-d1e-09-p0	550	aab3203a250d266bec84397ffdd2cb7b
13	thesiskkt-r20-m5-d1e-09-p1	550	dbffc308b7a48951c2dc557a108ae2a7
14	thesiskkt-r20-m5-d1e-09-p2	550	d06540932e869f5e2d5aed3ee02f31ae
15	thesiskkt-r20-m5-d0-p0	550	255c89abfff87141a70126fabaa8ee45
16	thesiskkt-r20-m5-d0-p1	550	d3e3cf605c4b96a8765bd5af734d2ce5
17	thesiskkt-r20-m5-d0-p2	550	0cac0061b35190ea19ec6e0ec578ab03
18	thesiskkt-r20-m20-d1e-05-p0	550	a06aaf2c112458a27bbdf4fe6bcd4a3a
19	thesiskkt-r20-m20-d1e-05-p1	550	a4821ad34665b8080c8b65ba27d808b3
20	thesiskkt-r20-m20-d1e-05-p2	550	12f9b8a035fa5338f20e4afef70ea2cb
21	thesiskkt-r20-m20-d1e-09-p0	550	050e2712843b9ec17c97228295b246e4
22	thesiskkt-r20-m20-d1e-09-p1	550	e68ef2e1377e0e67d30136a02e0dda3e
23	thesiskkt-r20-m20-d1e-09-p2	550	c54cb03c58d330f35ba87a6eb7fdffbc
24	thesiskkt-r20-m20-d0-p0	550	780f8eb8c4f642be29a06bbbb785d776
25	thesiskkt-r20-m20-d0-p1	550	09b258edbad47ffe303cafdfc64fbc73
26	thesiskkt-r20-m20-d0-p2	550	131f5b5b1dbdb90f71e249b61bca237c
27	thesiskkt-r50-m1-d1e-05-p0	550	762ca223b97b5a37f2e3e5b87f434098
28	thesiskkt-r50-m1-d1e-05-p1	550	0282616cb5088a4ed71b3d08e693fb5e
29	thesiskkt-r50-m1-d1e-05-p2	550	6ad00996f7bf088b4af6df0e7e85a307
30	thesiskkt-r50-m1-d1e-09-p0	550	de69ac4d35f2a05d247a5846c57af9bf
31	thesiskkt-r50-m1-d1e-09-p1	550	a6a1c68f1540fa717490287c0022d6a6
32	thesiskkt-r50-m1-d1e-09-p2	550	8ba72bdf37116489fee0d4a937ca24eb
33	thesiskkt-r50-m1-d0-p0	550	0978e6870a6f0b2f0791f96ba4aaa190
34	thesiskkt-r50-m1-d0-p1	550	5df5f2a13dfe1b5f534c34d5a488e149
35	thesiskkt-r50-m1-d0-p2	550	a98aa0756621e3b44fdc5ced2e492a6a
36	thesiskkt-r50-m5-d1e-05-p0	550	85629bfea06f622d558673af80bb9bf6
37	thesiskkt-r50-m5-d1e-05-p1	550	67eb5379135fc5a430535ea5c949913a
38	thesiskkt-r50-m5-d1e-05-p2	550	0eeda49f554eb956a640c820c1f17c94
39	thesiskkt-r50-m5-d1e-09-p0	550	8c2581d675c9bf16ee453443cf5894de
40	thesiskkt-r50-m5-d1e-09-p1	550	907e9b2982fb7adc2156b4d291529026
41	thesiskkt-r50-m5-d1e-09-p2	550	9bda8cb4e22d772ecc86a5de89725646
42	thesiskkt-r50-m5-d0-p0	550	eeb67df5a8426d784a059455b4fb4cbb
43	thesiskkt-r50-m5-d0-p1	550	d824db502ae2eb99a6c9b4414584605d
44	thesiskkt-r50-m5-d0-p2	550	0daa19e445f288bdbca0230a435d7bf7
45	thesiskkt-r50-m20-d1e-05-p0	550	381783f5a57e3ae8bbd48ba0368d83ef
46	thesiskkt-r50-m20-d1e-05-p1	550	dd59468241cc8e876df136ef597ec7b5
47	thesiskkt-r50-m20-d1e-05-p2	550	d8fb59c2624b2b2b42fb4123cc456845
48	thesiskkt-r50-m20-d1e-09-p0	550	bb51e32c0253f70dd32bf1a8804cff97
49	thesiskkt-r50-m20-d1e-09-p1	550	a5dc9f4c6b2160ddbc5fb003e5709002
50	thesiskkt-r50-m20-d1e-09-p2	550	e3968a296a4745171db301b6bc6be369
51	thesiskkt-r50-m20-d0-p0	550	81c88b20c766c95a25136482b88fb1f1
52	thesiskkt-r50-m20-d0-p1	550	1568c3947dd9b96a28f1c4725b28ebb2
53	thesiskkt-r50-m20-d0-p2	550	358bae7427da326f7ff048d5c68d57cc
54	thesiskkt-r100-m1-d1e-05-p0	550	43a9fbc693d652e1fc8b99f02d5a3f37
55	thesiskkt-r100-m1-d1e-05-p1	550	4e35d28dded3c276d78c9954eb324223
56	thesiskkt-r100-m1-d1e-05-p2	550	3ba2d94f0ab7386e4eef72a6a3dea17c
57	thesiskkt-r100-m1-d1e-09-p0	550	825f3fcd43e133f473426aed206f5835
58	thesiskkt-r100-m1-d1e-09-p1	550	3d79553bf8eb0efaa160153f16f02af1
59	thesiskkt-r100-m1-d1e-09-p2	550	3f97935d573c8bd5b63db473779a268b
60	thesiskkt-r100-m1-d0-p0	550	4f660fc609e99cae1a10f2ac8be2cb51
61	thesiskkt-r100-m1-d0-p1	550	306d48cfca00f30da7ad50e83237e831
62	thesiskkt-r100-m1-d0-p2	550	f83f02de40cb51d4812045e8f9155d5a
63	thesiskkt-r100-m5-d1e-05-p0	550	9eb50976d334df345ea31c1aac753aaa
64	thesiskkt-r100-m5-d1e-05-p1	550	55fbdc95c90f23845a3daef90e675b7b
65	thesiskkt-r100-m5-d1e-05-p2	550	f397862b2bd8c512cf7812b4c1862f23
66	thesiskkt-r100-m5-d1e-09-p0	550	961eb85caf88a95044a668be66263407
67	thesiskkt-r100-m5-d1e-09-p1	550	0c30df1abbccdf029cef5810033890b7
68	thesiskkt-r100-m5-d1e-09-p2	550	974051e467f660fd5956c7d8e9f5a914
69	thesiskkt-r100-m5-d0-p0	550	8f6b6f09d939f5cd419d75e795c65291
70	thesiskkt-r100-m5-d0-p1	550	2fc9cafc6c312d5cc09df2640b1d5a64
71	thesiskkt-r100-m5-d0-p2	550	e7a4ffbfb239ce9cf08f0c4d9078b09a
72	thesiskkt-r100-m20-d1e-05-p0	550	d55e4363e8cb47ec0688a3b42f70917c
73	thesiskkt-r100-m20-d1e-05-p1	550	fb1fa5be52577fba27cf7bc6b9daaf87
74	thesiskkt-r100-m20-d1e-05-p2	550	0c860a61e718ef635a091d7e32402f67
75	thesiskkt-r100-m20-d1e-09-p0	550	a3ab163c1b71a03c8747cd7e67d47ea6
76	thesiskkt-r100-m20-d1e-09-p1	550	50fbfe254bab462f0b7a1064b19d7ae2
77	thesiskkt-r100-m20-d1e-09-p2	550	c279365dda38eb4f5209b78bedcd8ac0
78	thesiskkt-r100-m20-d0-p0	550	eb76e3fcf2f059674c902522b2372ac0
79	thesiskkt-r100-m20-d0-p1	550	78ca3b0452a327578e0acfb622b548ef
80	thesiskkt-r100-m20-d0-p2	550	23a40138928d0d065b03fb6ff9a69402
