idx,name,n,rank,near_zero_mult,delta,seed,pair_id,mu_bulk,separation,sha256_G,diag_dev,offdiag_absmax,lambda_min_G,beta_count,kkt_grad_norm,exactness_fro,pos_count,neg_count
0,degen-r5-m1-d0.01-p0,100,5,1,0.01,10005000,0,0.1,0.09999999999999999,5a4fd88b84c258cdb9d79136b3b4ab90,4.440892098500626e-16,0.9903468280568432,-0.031427936839069116,0,8.382000022145452e-15,5.426998879766454e-14,5,95
1,degen-r5-m1-d0.01-p1,100,5,1,0.01,10005001,1,0.1,0.09999999999999999,9b29c330c234e819f78f550dc0ab95e4,3.3306690738754696e-16,0.9957509591702792,-0.03090683519643286,0,7.361038203091209e-15,3.748383099489603e-14,5,95
2,degen-r5-m1-d0.01-p2,100,5,1,0.01,10005003,2,0.1,0.09999999999999999,00daaeeedd1bf5b058fdf4dd9c003f0f,3.3306690738754696e-16,0.9998624848103964,-0.01871218218691336,0,5.899871815800505e-15,4.6718655973699615e-14,5,95
3,degen-r5-m1-d0.01-p3,100,5,1,0.01,10005004,3,0.1,0.09999999999999999,0aa191891c261371d9bf7b85e9e409f0,3.3306690738754696e-16,0.9990153451473985,-0.017389991918564888,0,7.14952596106852e-15,4.561962192078874e-14,5,95
4,degen-r5-m1-d0.01-p4,100,5,1,0.01,10005006,4,0.1,0.09999999999999999,06330dba4d257b5c0da04146e6c0989a,4.440892098500626e-16,0.9899782753925659,-0.020469118945262987,0,1.1129397471172595e-14,5.761687594355961e-14,5,95
5,degen-r5-m1-d0.0001-p0,100,5,1,0.0001,10005000,0,0.1,0.001,0228f46d871b8269b7875b78883ac8e1,4.440892098500626e-16,0.9903553689098124,-0.034334102538519734,0,8.017470787216401e-15,5.4134379143130695e-14,5,95
6,degen-r5-m1-d0.0001-p1,100,5,1,0.0001,10005001,1,0.1,0.001,174b5297a7480ca548489b56a6071583,3.3306690738754696e-16,0.9957428982727968,-0.03375483427471098,0,1.1275188036437516e-14,7.582240440158799e-14,5,95
7,degen-r5-m1-d0.0001-p2,100,5,1,0.0001,10005003,2,0.1,0.001,c94f33779743931a8448ad67f9021931,3.3306690738754696e-16,0.9998621407662392,-0.02018732116163185,0,5.7302997460712835e-15,4.1003537618075475e-14,5,95
8,degen-r5-m1-d0.0001-p3,100,5,1,0.0001,10005004,3,0.1,0.001,5a814fa01d835485dd05bc4981c35d65,3.3306690738754696e-16,0.9990177328146851,-0.018757658588591773,0,1.0588524739289053e-14,6.467398727302674e-14,5,95
9,degen-r5-m1-d0.0001-p4,100,5,1,0.0001,10005006,4,0.1,0.001,33c8ae720411d2bfbf00e4b97a12090c,4.440892098500626e-16,0.990009199475506,-0.022116218485241243,0,8.456664321051319e-15,5.998130863723368e-14,5,95
10,degen-r5-m1-d1e-06-p0,100,5,1,1e-06,10005000,0,0.1,9.999999999999999e-06,3efa4311771e87cf5115446b06c6cd34,4.440892098500626e-16,0.990355454318342,-0.03436316500633204,0,1.6852366357019667e-14,8.297590051915043e-14,5,95
11,degen-r5-m1-d1e-06-p1,100,5,1,1e-06,10005001,1,0.1,9.999999999999999e-06,e912960de3f5d2ac26a1507800ad33e7,3.3306690738754696e-16,0.995742817663822,-0.03378331519430396,0,9.694605782913358e-15,6.020974191780856e-14,5,95
12,degen-r5-m1-d1e-06-p2,100,5,1,1e-06,10005003,2,0.1,9.999999999999999e-06,7d66ea0cf2bc5b25533383c63c4c8376,3.3306690738754696e-16,0.9998621373257977,-0.020202072896800073,0,7.142626537544863e-15,4.361394519144635e-14,5,95
13,degen-r5-m1-d1e-06-p3,100,5,1,1e-06,10005004,3,0.1,9.999999999999999e-06,98023451cfb21b8061a335981676acfc,3.3306690738754696e-16,0.999017756691358,-0.018771352080987663,0,5.4930801582266845e-15,3.734302263855524e-14,5,95
14,degen-r5-m1-d1e-06-p4,100,5,1,1e-06,10005006,4,0.1,9.999999999999999e-06,b4f32a6b27bd74a0cc2508a2df2ee81e,4.440892098500626e-16,0.9900095087163355,-0.022132690596568097,0,4.977465500091126e-15,3.098693507705201e-14,5,95
15,degen-r5-m1-d1e-08-p0,100,5,1,1e-08,10005000,0,0.1,1e-07,830d621c2985f6098c8230b18e112fc6,4.440892098500626e-16,0.9903554551724274,-0.03436345563108986,0,1.1489065068857196e-14,6.716944680449042e-14,5,95
16,degen-r5-m1-d1e-08-p1,100,5,1,1e-08,10005001,1,0.1,1e-07,aa2ac5ada101c4805b9d1e7fa0f0545a,3.3306690738754696e-16,0.9957428168577322,-0.033783600003590465,0,7.627482662061554e-15,4.0744224236435354e-14,5,95
17,degen-r5-m1-d1e-08-p2,100,5,1,1e-08,10005003,2,0.1,1e-07,372f758aea1be6f18b034943348e9682,4.440892098500626e-16,0.9998621372913933,-0.02020222041418115,0,5.150286199625854e-15,3.5286553469515763e-14,5,95
18,degen-r5-m1-d1e-08-p3,100,5,1,1e-08,10005004,3,0.1,1e-07,f36694be0815e789d1734172ddeb1276,4.440892098500626e-16,0.9990177569301246,-0.01877148901745467,0,5.380860564253635e-15,4.068238091986921e-14,5,95
19,degen-r5-m1-d1e-08-p4,100,5,1,1e-08,10005006,4,0.1,1e-07,f7961e3c78a9bc22c92a16a3aa34913a,4.440892098500626e-16,0.9900095118087437,-0.022132855317784667,0,8.254566050887526e-15,5.75606686618542e-14,5,95
20,degen-r5-m1-d1e-10-p0,100,5,1,1e-10,10005000,0,0.1,1e-09,15fafa2b5323b3abe24f800e080f6111,4.440892098500626e-16,0.9903554551809682,-0.03436345853733592,0,1.541131928907272e-14,8.3382110169277e-14,5,95
21,degen-r5-m1-d1e-10-p1,100,5,1,1e-10,10005001,1,0.1,1e-09,7c35dcf0a30d0f9251bb6803644b0282,4.440892098500626e-16,0.9957428168496714,-0.03378360285168452,0,7.981260432826178e-15,5.071797104528519e-14,5,95
22,degen-r5-m1-d1e-10-p2,100,5,1,1e-10,10005003,2,0.1,1e-09,1cfc879c8fd80a85c23109b871d66eb5,3.3306690738754696e-16,0.9998621372910492,-0.020202221889356164,0,5.152678899499238e-15,3.702521931453881e-14,5,95
23,degen-r5-m1-d1e-10-p3,100,5,1,1e-10,10005004,3,0.1,1e-09,07a9609775bcf1b36a707ea6b5c3daf8,3.3306690738754696e-16,0.9990177569325124,-0.01877149038682056,0,5.73997114492933e-15,3.753810805279614e-14,5,95
24,degen-r5-m1-d1e-10-p4,100,5,1,1e-10,10005006,4,0.1,1e-09,f2fb82a5b2a3e71a2293e1ba15ae006e,4.440892098500626e-16,0.9900095118396679,-0.02213285696500237,0,1.1298121756560909e-14,6.675423565338797e-14,5,95
25,degen-r5-m1-d0-p0,100,5,1,0.0,10005000,0,0.1,0.0,083223db2ffb10942a263f3025900329,4.440892098500626e-16,0.9903554551810545,-0.03436345856669399,1,7.35685079834761e-15,4.473584375886139e-14,5,94
26,degen-r5-m1-d0-p1,100,5,1,0.0,10005001,1,0.1,0.0,c4f569f7fe84510701239af3c3038037,3.3306690738754696e-16,0.9957428168495899,-0.03378360288045332,1,5.458188813492739e-15,3.6708362191935785e-14,5,94
27,degen-r5-m1-d0-p2,100,5,1,0.0,10005003,2,0.1,0.0,26c46e3e6cde03928c9fc82bd7890b4e,3.3306690738754696e-16,0.9998621372910458,-0.02020222190425621,1,7.453392788513225e-15,5.323593490927515e-14,5,94
28,degen-r5-m1-d0-p3,100,5,1,0.0,10005004,3,0.1,0.0,b5fa78cd2585924baecc161e9024bdb2,3.3306690738754696e-16,0.9990177569325365,-0.018771490400649394,1,5.709828552468728e-15,4.033091463637721e-14,5,94
29,degen-r5-m1-d0-p4,100,5,1,0.0,10005006,4,0.1,0.0,7930a12835f7871cf28f944cf39b7419,4.440892098500626e-16,0.9900095118399802,-0.022132856981644307,1,7.807165354977903e-15,4.975344494171629e-14,5,94
30,degen-r5-m5-d0.01-p0,100,5,5,0.01,10005000,0,0.1,0.09999999999999999,6aba6f0f684f58b1022e19aa6c77c0ef,4.440892098500626e-16,0.9904532051847212,-0.03555517153075567,0,8.471227211675054e-15,4.667662602525675e-14,5,95
31,degen-r5-m5-d0.01-p1,100,5,5,0.01,10005001,1,0.1,0.09999999999999999,8386dfc5efe1f195aca86c34f9b1bde0,3.3306690738754696e-16,0.9957788038323934,-0.031125781434546796,0,6.8501750276183545e-15,4.893395394028684e-14,5,95
32,degen-r5-m5-d0.01-p2,100,5,5,0.01,10005003,2,0.1,0.09999999999999999,be346e4d26a8cf4952bd6b125090a890,3.3306690738754696e-16,0.9996998507489105,-0.03059850613177957,0,1.0692202836592014e-14,6.487487941893379e-14,5,95
33,degen-r5-m5-d0.01-p3,100,5,5,0.01,10005004,3,0.1,0.09999999999999999,48ec2d63c23a55605188c420f1d63471,3.3306690738754696e-16,0.9970003586281151,-0.029474276660539055,0,8.937122951690183e-15,6.297146065215362e-14,5,95
34,degen-r5-m5-d0.01-p4,100,5,5,0.01,10005006,4,0.1,0.09999999999999999,9c1f033543a67df65d4c9439ed8fb613,4.440892098500626e-16,0.9900699436307335,-0.028366832763534952,0,6.967921033279903e-15,3.9799062373812724e-14,5,95
35,degen-r5-m5-d0.0001-p0,100,5,5,0.0001,10005000,0,0.1,0.001,7b2e08e6f271c4fd3e0eb501732e2724,4.440892098500626e-16,0.9905448752393633,-0.038877178787076055,0,8.357701117352293e-15,5.236525103811698e-14,5,95
36,degen-r5-m5-d0.0001-p1,100,5,5,0.0001,10005001,1,0.1,0.001,7429bb786520d4538aef983befc92624,4.440892098500626e-16,0.9957738058477434,-0.034024380222199946,0,8.429656649479352e-15,5.90539971010453e-14,5,95
37,degen-r5-m5-d0.0001-p2,100,5,5,0.0001,10005003,2,0.1,0.001,d4c3c8bbb9b851cc31bdfbca995fee5a,4.440892098500626e-16,0.99968161695799,-0.03341747465470936,0,6.208321092778053e-15,4.35033129106512e-14,5,95
38,degen-r5-m5-d0.0001-p3,100,5,5,0.0001,10005004,3,0.1,0.001,e78efd110c9352e239f946adda672b8e,3.3306690738754696e-16,0.9967810977782805,-0.03220880086580266,0,5.544449783371773e-15,4.0773184846222037e-14,5,95
39,degen-r5-m5-d0.0001-p4,100,5,5,0.0001,10005006,4,0.1,0.001,3fbd2e798296f1702ac891a3ef3dc3ac,4.440892098500626e-16,0.9901109512198722,-0.030929427803037472,0,5.65233285126159e-15,4.3686290332701917e-14,5,95
40,degen-r5-m5-d1e-06-p0,100,5,5,1e-06,10005000,0,0.1,9.999999999999999e-06,0a476d3b84822a181eb708ebecc2b7a5,4.440892098500626e-16,0.9905457919399097,-0.03891040130440683,0,8.93781251790792e-15,6.593153751441305e-14,5,95
41,degen-r5-m5-d1e-06-p1,100,5,5,1e-06,10005001,1,0.1,9.999999999999999e-06,72b081c83bc5f4d3bf7701236f4a4469,3.3306690738754696e-16,0.9957737558678968,-0.034053366793794615,0,5.797660746663395e-15,3.838203781940849e-14,5,95
42,degen-r5-m5-d1e-06-p2,100,5,5,1e-06,10005003,2,0.1,9.999999999999999e-06,9a9a1767573453625385e0a131ccad05,3.3306690738754696e-16,0.9996814346200807,-0.03344566485980144,0,5.454800387622359e-15,3.456304583416257e-14,5,95
43,degen-r5-m5-d1e-06-p3,100,5,5,1e-06,10005004,3,0.1,9.999999999999999e-06,c8a382d1841a89fd5bb671cb85e356c9,3.3306690738754696e-16,0.9967789051697822,-0.03223615215890831,0,6.311693569372732e-15,4.819381908363271e-14,5,95
44,degen-r5-m5-d1e-06-p4,100,5,5,1e-06,10005006,4,0.1,9.999999999999999e-06,56da4a66faaed2b61d2a03eefbb80e97,4.440892098500626e-16,0.9901113612957636,-0.030955055933352148,0,6.653006264380427e-15,4.4665244367527915e-14,5,95
45,degen-r5-m5-d1e-08-p0,100,5,5,1e-08,10005000,0,0.1,1e-07,6bb4582aed430c844a101c96257cfeab,4.440892098500626e-16,0.9905458011069151,-0.03891073352980527,0,7.912237888250943e-15,4.895678501342674e-14,5,95
46,degen-r5-m5-d1e-08-p1,100,5,5,1e-08,10005001,1,0.1,1e-07,c03cd070c1936041e86bca898d4767fc,3.3306690738754696e-16,0.9957737553680984,-0.034053656659566035,0,9.247564679774633e-15,5.329349443161941e-14,5,95
47,degen-r5-m5-d1e-08-p2,100,5,5,1e-08,10005003,2,0.1,1e-07,e273935bbc9db5f440b4eb489ade88ec,3.3306690738754696e-16,0.9996814327967016,-0.033445946761901685,0,5.3934447137265445e-15,3.676030143893878e-14,5,95
48,degen-r5-m5-d1e-08-p3,100,5,5,1e-08,10005004,3,0.1,1e-07,6058148c1ebc21b3a9765b13c2ed2da5,3.3306690738754696e-16,0.9967788832436971,-0.03223642567238347,0,8.376115851520545e-15,4.562796237886888e-14,5,95
49,degen-r5-m5-d1e-08-p4,100,5,5,1e-08,10005006,4,0.1,1e-07,fecfbca4803192edfc6c4fa1614c38a1,4.440892098500626e-16,0.9901113653965226,-0.030955312214852558,0,6.12235403661387e-15,4.525714385377777e-14,5,95
50,degen-r5-m5-d1e-10-p0,100,5,5,1e-10,10005000,0,0.1,1e-09,1abfc740c045d379f719ec4c26bf81ef,4.440892098500626e-16,0.9905458011985852,-0.03891073685206077,0,9.375963263876757e-15,5.4778656560803266e-14,5,95
51,degen-r5-m5-d1e-10-p1,100,5,5,1e-10,10005001,1,0.1,1e-09,ea5c57b0da5630d07b58962f00663c33,3.3306690738754696e-16,0.9957737553631004,-0.034053659558221545,0,5.246317758316481e-15,4.0468100717814784e-14,5,95
52,degen-r5-m5-d1e-10-p2,100,5,5,1e-10,10005003,2,0.1,1e-09,8f64a2a7632c3335437d34b53dd1447e,4.440892098500626e-16,0.9996814327784679,-0.03344594958092101,0,7.544616934765716e-15,5.280194149135588e-14,5,95
53,degen-r5-m5-d1e-10-p3,100,5,5,1e-10,10005004,3,0.1,1e-09,7c793b2f2a6e37c74008c796ee88875c,4.440892098500626e-16,0.9967788830244363,-0.03223642840751734,0,1.0152320308569013e-14,5.80068165633116e-14,5,95
54,degen-r5-m5-d1e-10-p4,100,5,5,1e-10,10005006,4,0.1,1e-09,0b6ffe38a351ded6d361c553a15cf63e,4.440892098500626e-16,0.9901113654375301,-0.030955314777665693,0,5.7848905533011264e-15,3.611015019553267e-14,5,95
55,degen-r5-m5-d0-p0,100,5,5,0.0,10005000,0,0.1,0.0,80d5ad63ca3b94c07bc5b3433d9b8d87,4.440892098500626e-16,0.9905458011995112,-0.038910736885620245,5,8.032829940733835e-15,5.3107538282548805e-14,5,90
56,degen-r5-m5-d0-p1,100,5,5,0.0,10005001,1,0.1,0.0,194f52fd8c4e1a937dd1497ec17d8551,3.3306690738754696e-16,0.99577375536305,-0.034053659587500645,5,9.453208419344606e-15,6.533626433780009e-14,5,90
57,degen-r5-m5-d0-p2,100,5,5,0.0,10005003,2,0.1,0.0,2c66759f62ed335e788fe2d151ddd34d,3.3306690738754696e-16,0.9996814327782837,-0.03344594960939669,5,9.34106052268319e-15,5.322172338596801e-14,5,90
58,degen-r5-m5-d0-p3,100,5,5,0.0,10005004,3,0.1,0.0,9f2622ea8f331e85f27500ae9c20f784,3.3306690738754696e-16,0.9967788830222216,-0.03223642843514582,5,6.003422574439099e-15,3.9090047954790967e-14,5,90
59,degen-r5-m5-d0-p4,100,5,5,0.0,10005006,4,0.1,0.0,02a73e191a92774a3e5e6e4f56441173,4.440892098500626e-16,0.9901113654379443,-0.030955314803560584,5,8.673961542193624e-15,5.817700733032931e-14,5,90
60,degen-r5-m20-d0.01-p0,100,5,20,0.01,10005000,0,0.1,0.09999999999999999,513da8b4a75f3dd5e4b7a54d8a1ee7af,4.440892098500626e-16,0.9912465392868617,-0.04183650915579016,0,1.0245981170811069e-14,5.352942457119641e-14,5,95
61,degen-r5-m20-d0.01-p1,100,5,20,0.01,10005001,1,0.1,0.09999999999999999,b1bc1ebf681cc5231c9123f7e961b3ba,3.3306690738754696e-16,0.9928059427829327,-0.041302885214266324,0,5.81464404411025e-15,3.671675388193367e-14,5,95
62,degen-r5-m20-d0.01-p2,100,5,20,0.01,10005003,2,0.1,0.09999999999999999,3a65ba6ec3b137c2388b1341a568e65b,3.3306690738754696e-16,0.9956893709546412,-0.04283822707186739,0,7.072390810162415e-15,5.159127381822993e-14,5,95
63,degen-r5-m20-d0.01-p3,100,5,20,0.01,10005004,3,0.1,0.09999999999999999,4903a431ccc07e13d444292c2fe84cfb,3.3306690738754696e-16,0.9980244368864195,-0.041800037779314764,0,8.692415290251613e-15,5.292804549896184e-14,5,95
64,degen-r5-m20-d0.01-p4,100,5,20,0.01,10005006,4,0.1,0.09999999999999999,85643a66a796ed15e0c9311aaaf353d2,4.440892098500626e-16,0.9913565490908149,-0.04216126551881409,0,6.2291328269317324e-15,5.0677388777730073e-14,5,95
65,degen-r5-m20-d0.0001-p0,100,5,20,0.0001,10005000,0,0.1,0.001,f0df2a05be1174310013402a2e7eaf77,4.440892098500626e-16,0.991354048375133,-0.04585631559063606,0,9.676789479990919e-15,6.189770658165658e-14,5,95
66,degen-r5-m20-d0.0001-p1,100,5,20,0.0001,10005001,1,0.1,0.001,7a1330435c97f04f02097b9b3fc4394f,3.3306690738754696e-16,0.9925996548148315,-0.04532743141789136,0,7.713453739147335e-15,5.58097398565462e-14,5,95
67,degen-r5-m20-d0.0001-p2,100,5,20,0.0001,10005003,2,0.1,0.001,2631ff78b846c7a445e28d4ae6f24207,3.3306690738754696e-16,0.9956010541059279,-0.047005316571511364,0,7.637979387994094e-15,4.4913848603908486e-14,5,95
68,degen-r5-m20-d0.0001-p3,100,5,20,0.0001,10005004,3,0.1,0.001,7f011b4a0d5379ab98a1c677e0327b68,4.440892098500626e-16,0.9979178246449983,-0.04584037635977809,0,8.81212206892831e-15,6.371009893642377e-14,5,95
69,degen-r5-m20-d0.0001-p4,100,5,20,0.0001,10005006,4,0.1,0.001,76b1ccdf3947c2b89b4f64b1d733fb47,4.440892098500626e-16,0.991766964887014,-0.04622679324399258,0,6.050460840540378e-15,4.3980190277136835e-14,5,95
70,degen-r5-m20-d1e-06-p0,100,5,20,1e-06,10005000,0,0.1,9.999999999999999e-06,d23bb36c6c98b212b98147329d6a895f,4.440892098500626e-16,0.9913551234660156,-0.04589651678221186,0,8.538618387931574e-15,5.812029920627685e-14,5,95
71,degen-r5-m20-d1e-06-p1,100,5,20,1e-06,10005001,1,0.1,9.999999999999999e-06,68d152121815ac3642ea689cc900cad6,3.3306690738754696e-16,0.9925975919351504,-0.04536767733077727,0,7.3341975003921e-15,5.265351582215269e-14,5,95
72,degen-r5-m20-d1e-06-p2,100,5,20,1e-06,10005003,2,0.1,9.999999999999999e-06,2ad7eed0b3c5c8a5c641936860caf0dc,3.3306690738754696e-16,0.9956001709374408,-0.04704699000577223,0,6.979409781449824e-15,4.7276705485140055e-14,5,95
73,degen-r5-m20-d1e-06-p3,100,5,20,1e-06,10005004,3,0.1,9.999999999999999e-06,448081488ef350912ae74add806929b2,3.3306690738754696e-16,0.9979167585225842,-0.04588078636670764,0,8.844234796369947e-15,7.020058501257032e-14,5,95
74,degen-r5-m20-d1e-06-p4,100,5,20,1e-06,10005006,4,0.1,9.999999999999999e-06,1e421f8bfc0d97c622fbdcdb1cdbd665,4.440892098500626e-16,0.991771069044976,-0.04626744950852,0,6.6018607235733855e-15,3.674734854595951e-14,5,95
75,degen-r5-m20-d1e-08-p0,100,5,20,1e-08,10005000,0,0.1,1e-07,9554f4fd39bd0a204fc8592a9489c055,4.440892098500626e-16,0.9913551342169244,-0.04589691879441345,0,8.403295601662757e-15,5.557082996369628e-14,5,95
76,degen-r5-m20-d1e-08-p1,100,5,20,1e-08,10005001,1,0.1,1e-07,b3eec56de899c24e0dbb54996d7388e5,4.440892098500626e-16,0.9925975713063536,-0.0453680797899458,0,1.0876786468431915e-14,5.850010636185677e-14,5,95
77,degen-r5-m20-d1e-08-p2,100,5,20,1e-08,10005003,2,0.1,1e-07,a234d500ea17e5a79d2f87c3e4e60dee,4.440892098500626e-16,0.995600162105756,-0.04704740674034287,0,9.433629782339637e-15,7.055257517033054e-14,5,95
78,degen-r5-m20-d1e-08-p3,100,5,20,1e-08,10005004,3,0.1,1e-07,a0d95980f37d88d154771845e7a7eae3,3.3306690738754696e-16,0.99791674786136,-0.04588119046737882,0,6.4593611383174014e-15,4.443381098003607e-14,5,95
79,degen-r5-m20-d1e-08-p4,100,5,20,1e-08,10005006,4,0.1,1e-07,0a372ee392cb3d5ba81ff5747c69e758,4.440892098500626e-16,0.9917711100865556,-0.04626785607125887,0,6.6881147206339236e-15,4.847947797717429e-14,5,95
80,degen-r5-m20-d1e-10-p0,100,5,20,1e-10,10005000,0,0.1,1e-09,cce825c2672b039a26c3b35d3cb55422,4.440892098500626e-16,0.9913551343244336,-0.04589692281453671,0,8.783400898301645e-15,6.307906840477253e-14,5,95
81,degen-r5-m20-d1e-10-p1,100,5,20,1e-10,10005001,1,0.1,1e-09,1cc6c5711de8b88dab22898333c065ec,3.3306690738754696e-16,0.9925975711000656,-0.045368083814535914,0,1.0218877743110123e-14,6.671155749839076e-14,5,95
82,degen-r5-m20-d1e-10-p2,100,5,20,1e-10,10005003,2,0.1,1e-09,716d32fee7c41c41422440eb293f07ca,4.440892098500626e-16,0.9956001620174391,-0.04704741090768905,0,8.447914536689715e-15,4.824977408914151e-14,5,95
83,degen-r5-m20-d1e-10-p3,100,5,20,1e-10,10005004,3,0.1,1e-09,83745735371eccb6d643f4983d05bd84,4.440892098500626e-16,0.9979167477547478,-0.04588119450838578,0,6.9882344275101605e-15,5.165216505663779e-14,5,95
84,degen-r5-m20-d1e-10-p4,100,5,20,1e-10,10005006,4,0.1,1e-09,7281530214d8b4f61ff92a6405b75c28,4.440892098500626e-16,0.9917711104969714,-0.04626786013688447,0,7.466610963895614e-15,5.177472678984789e-14,5,95
85,degen-r5-m20-d0-p0,100,5,20,0.0,10005000,0,0.1,0.0,0e44fa773f9b2e96a3d32ccac6a5b436,4.440892098500626e-16,0.9913551343255196,-0.0458969228551422,20,1.4443143896824587e-14,7.434748677707456e-14,5,75
86,degen-r5-m20-d0-p1,100,5,20,0.0,10005001,1,0.1,0.0,236d0bdfac5c70c6a790236c5a7c1454,3.3306690738754696e-16,0.992597571097982,-0.045368083855188854,20,6.0880322431589896e-15,4.3137115246751565e-14,5,75
87,degen-r5-m20-d0-p2,100,5,20,0.0,10005003,2,0.1,0.0,f7fca9c2277831e4cf957104818e7f77,3.3306690738754696e-16,0.995600162016547,-0.047047410949783645,20,8.821907882125637e-15,6.238763002824831e-14,5,75
88,degen-r5-m20-d0-p3,100,5,20,0.0,10005004,3,0.1,0.0,29a763949097add985d255956164e50d,3.3306690738754696e-16,0.9979167477536709,-0.04588119454920455,20,6.52013858905055e-15,4.306657055546742e-14,5,75
89,degen-r5-m20-d0-p4,100,5,20,0.0,10005006,4,0.1,0.0,4a3c8d1693406ed37180646d1148499d,4.440892098500626e-16,0.991771110501117,-0.04626786017795078,20,6.551256644696548e-15,5.324281988299735e-14,5,75
90,degen-r20-m1-d0.01-p0,100,20,1,0.01,10020000,0,0.1,0.09999999999999999,ade16bc2893bcb6d68d09fd33358f8d2,4.440892098500626e-16,0.7311061612841635,-0.0324439862721516,0,9.019494489765868e-15,4.780733346921652e-14,20,80
91,degen-r20-m1-d0.01-p1,100,20,1,0.01,10020001,1,0.1,0.09999999999999999,c46eac1100e35220056269fc71d2dc64,4.440892098500626e-16,0.7282016217406875,-0.024929155483649674,0,6.8465753557840735e-15,4.016614821883384e-14,20,80
92,degen-r20-m1-d0.01-p2,100,20,1,0.01,10020002,2,0.1,0.09999999999999999,a257378dbe7454b795de9c972aea09f8,5.551115123125783e-16,0.8473390238209912,-0.02989223093856576,0,6.8159013891437096e-15,4.516275137361728e-14,20,80
93,degen-r20-m1-d0.01-p3,100,20,1,0.01,10020003,3,0.1,0.09999999999999999,f91b171cf384628f2a09bbccae08f5bb,4.440892098500626e-16,0.7339317066914446,-0.029138358791408133,0,8.947460864864882e-15,4.7910711195402284e-14,20,80
94,degen-r20-m1-d0.01-p4,100,20,1,0.01,10020004,4,0.1,0.09999999999999999,bc8130f953b40a14fd33b9d2fcfad54a,4.440892098500626e-16,0.7655679353156294,-0.029090080068593958,0,6.192417586430006e-15,4.2688009532578315e-14,20,80
95,degen-r20-m1-d0.0001-p0,100,20,1,0.0001,10020000,0,0.1,0.001,380c1e8f242f29c96da89c56253ba1e3,4.440892098500626e-16,0.7310620369289729,-0.033657655005930334,0,6.099157487868988e-15,3.587340277502219e-14,20,80
96,degen-r20-m1-d0.0001-p1,100,20,1,0.0001,10020001,1,0.1,0.001,a4b6f319f96e1ef4f524b23c79c62355,4.440892098500626e-16,0.7281959647113256,-0.02494721752518466,0,8.814219943513186e-15,4.654389299233383e-14,20,80
97,degen-r20-m1-d0.0001-p2,100,20,1,0.0001,10020002,2,0.1,0.001,1e5b97e7846fab00d9d68432a705e6ee,5.551115123125783e-16,0.8473290312671699,-0.030647913854031383,0,6.195402603516567e-15,3.681532076579004e-14,20,80
98,degen-r20-m1-d0.0001-p3,100,20,1,0.0001,10020003,3,0.1,0.001,65efdde9012e12149c41aede2a380466,4.440892098500626e-16,0.733967244584064,-0.029816947074712677,0,5.380860564253635e-15,3.737381460446026e-14,20,80
99,degen-r20-m1-d0.0001-p4,100,20,1,0.0001,10020004,4,0.1,0.001,73a710bec4c512e214a6b411d26d8c49,4.440892098500626e-16,0.7656317095604147,-0.030093525514626452,0,6.555018492060643e-15,4.3652829534845647e-14,20,80
100,degen-r20-m1-d1e-06-p0,100,20,1,1e-06,10020000,0,0.1,9.999999999999999e-06,627531a9f331564c8bc4e1587b4b2c15,4.440892098500626e-16,0.731061595685421,-0.03366983241264987,0,5.885229317525363e-15,3.6995614015298115e-14,20,80
101,degen-r20-m1-d1e-06-p1,100,20,1,1e-06,10020001,1,0.1,9.999999999999999e-06,1b36bdd77a9d09406fa067d23e80dc18,4.440892098500626e-16,0.7281959081410321,-0.024947399104717237,0,1.0270013058335324e-14,5.0196008505415555e-14,20,80
102,degen-r20-m1-d1e-06-p2,100,20,1,1e-06,10020002,2,0.1,9.999999999999999e-06,4a30303d64ee1e9705aca5ad93c09010,5.551115123125783e-16,0.8473289313416317,-0.030655690912625065,0,7.70865830583387e-15,4.637415594096309e-14,20,80
103,degen-r20-m1-d1e-06-p3,100,20,1,1e-06,10020003,3,0.1,9.999999999999999e-06,1819577e3422f54c58b2061661efd92f,4.440892098500626e-16,0.7339675999629902,-0.02982378311079706,0,6.655784717733698e-15,4.514985625443463e-14,20,80
104,degen-r20-m1-d1e-06-p4,100,20,1,1e-06,10020004,4,0.1,9.999999999999999e-06,091fab8e66dbc198445f374eba31a4d4,4.440892098500626e-16,0.7656323473028626,-0.030103823610254023,0,6.770540167839434e-15,4.242229375267235e-14,20,80
105,degen-r20-m1-d1e-08-p0,100,20,1,1e-08,10020000,0,0.1,1e-07,691570c19e40624dafa9181d4f0b08de,4.440892098500626e-16,0.7310615912729854,-0.03366995419033347,0,7.629098483001631e-15,4.467960201959621e-14,20,80
106,degen-r20-m1-d1e-08-p1,100,20,1,1e-08,10020001,1,0.1,1e-07,4bea7c58b305859f7eacb927f6abe0c6,4.440892098500626e-16,0.7281959075753291,-0.024947400920609666,0,7.458352349529044e-15,5.3640485573450836e-14,20,80
107,degen-r20-m1-d1e-08-p2,100,20,1,1e-08,10020002,2,0.1,1e-07,d994a41e5413517bec69ff343d318fcb,5.551115123125783e-16,0.8473289303423763,-0.030655768705326526,0,5.711986869896961e-15,3.9715207736762674e-14,20,80
108,degen-r20-m1-d1e-08-p3,100,20,1,1e-08,10020003,3,0.1,1e-07,3f6b8933105643bae993b1ae1930a90d,4.440892098500626e-16,0.7339676035167795,-0.02982385147587728,0,1.0157782297951632e-14,5.342812233519391e-14,20,80
109,degen-r20-m1-d1e-08-p4,100,20,1,1e-08,10020004,4,0.1,1e-07,be4bed570026f7440f59aff89b6e85c9,4.440892098500626e-16,0.765632353680287,-0.030103926609442007,0,9.391069375389594e-15,3.7814141546266365e-14,20,80
110,degen-r20-m1-d1e-10-p0,100,20,1,1e-10,10020000,0,0.1,1e-09,f75b9685598ff215aa8eaec5ffc36e37,4.440892098500626e-16,0.731061591228861,-0.03366995540811113,0,6.969689765643276e-15,4.1830277604764875e-14,20,80
111,degen-r20-m1-d1e-10-p1,100,20,1,1e-10,10020001,1,0.1,1e-09,3900bab17eb93c4f5a008efe990b8392,4.440892098500626e-16,0.7281959075696721,-0.024947400938768564,0,5.996232229139931e-15,3.707350686482481e-14,20,80
112,degen-r20-m1-d1e-10-p2,100,20,1,1e-10,10020002,2,0.1,1e-09,7812f92209e40153c20714860017d9de,5.551115123125783e-16,0.8473289303323838,-0.03065576948325421,0,6.556898606395034e-15,4.9420032675760926e-14,20,80
113,degen-r20-m1-d1e-10-p3,100,20,1,1e-10,10020003,3,0.1,1e-09,131d74a73b0abb2dfb8cf011e5124d49,4.440892098500626e-16,0.7339676035523174,-0.029823852159529634,0,7.805586395440068e-15,5.238787310427255e-14,20,80
114,degen-r20-m1-d1e-10-p4,100,20,1,1e-10,10020004,4,0.1,1e-09,2d6bd5f93dfd07ee2e21a00ed19bf4ab,4.440892098500626e-16,0.7656323537440612,-0.030103927639437117,0,6.948435261974795e-15,4.696343425285033e-14,20,80
115,degen-r20-m1-d0-p0,100,20,1,0.0,10020000,0,0.1,0.0,c620d0b015876344c5ad3853f75010c0,4.440892098500626e-16,0.7310615912284154,-0.03366995542040943,1,9.24556513425129e-15,4.843477646496694e-14,20,79
116,degen-r20-m1-d0-p1,100,20,1,0.0,10020001,1,0.1,0.0,f5b4b09eb2c5080ee355f91b3b74973d,4.440892098500626e-16,0.7281959075696149,-0.024947400938951918,1,7.310631048597895e-15,4.542175872926954e-14,20,79
117,degen-r20-m1-d0-p2,100,20,1,0.0,10020002,2,0.1,0.0,49867d6c78cc0fbbfd15b453412a7b37,5.551115123125783e-16,0.8473289303322828,-0.03065576949111236,1,6.8735269441351695e-15,4.065732029165311e-14,20,79
118,degen-r20-m1-d0-p3,100,20,1,0.0,10020003,3,0.1,0.0,2ae4333027bf68d6410d7304d750da7b,4.440892098500626e-16,0.7339676035526763,-0.029823852166435374,1,7.559306305604175e-15,4.9171304202433124e-14,20,79
119,degen-r20-m1-d0-p4,100,20,1,0.0,10020004,4,0.1,0.0,962d02beb5a35af857449bce461103c8,4.440892098500626e-16,0.7656323537447054,-0.030103927649839678,1,5.545561229666063e-15,3.802111591770086e-14,20,79
120,degen-r20-m5-d0.01-p0,100,20,5,0.01,10020000,0,0.1,0.09999999999999999,6099bffbcf6c7f47f2be17151212e35e,4.440892098500626e-16,0.7276255552970067,-0.038577476642410395,0,8.15843973306311e-15,5.2874687219053226e-14,20,80
121,degen-r20-m5-d0.01-p1,100,20,5,0.01,10020001,1,0.1,0.09999999999999999,ea5daf24b3883b3eb0b00d1c715db996,4.440892098500626e-16,0.7283676448617639,-0.03516822349177369,0,6.557838461428371e-15,3.651838163522693e-14,20,80
122,degen-r20-m5-d0.01-p2,100,20,5,0.01,10020002,2,0.1,0.09999999999999999,1e20db65f578e8968c5e6ecc4515b396,5.551115123125783e-16,0.8475911892036619,-0.03970411974618339,0,5.8061586050119385e-15,3.7096675354780555e-14,20,80
123,degen-r20-m5-d0.01-p3,100,20,5,0.01,10020003,3,0.1,0.09999999999999999,08e913cdca355da49c6a25954a8f0fae,4.440892098500626e-16,0.7307173208769243,-0.037195798045418775,0,8.167499635613815e-15,5.0293304444492296e-14,20,80
124,degen-r20-m5-d0.01-p4,100,20,5,0.01,10020004,4,0.1,0.09999999999999999,6c4c50afc5a5738e11ec420794d65fef,4.440892098500626e-16,0.7650723098993251,-0.03522739287385722,0,7.343435057440259e-15,5.0457847761550695e-14,20,80
125,degen-r20-m5-d0.0001-p0,100,20,5,0.0001,10020000,0,0.1,0.001,ac5a5a86459016f32e65c4b004319c6c,4.440892098500626e-16,0.7271985642832288,-0.04040751553178111,0,5.920726853669126e-15,4.0551122734615366e-14,20,80
126,degen-r20-m5-d0.0001-p1,100,20,5,0.0001,10020001,1,0.1,0.001,4bdd719a64a97b33040ba6e9227addaa,4.440892098500626e-16,0.7283802503757204,-0.036902111416177705,0,8.377587281633173e-15,5.195573588303591e-14,20,80
127,degen-r20-m5-d0.0001-p2,100,20,5,0.0001,10020002,2,0.1,0.001,4f513d26c5716a60b07b95b2b5439cbf,6.661338147750939e-16,0.8476089348419344,-0.04174343102622985,0,7.779487294958744e-15,4.782717953976375e-14,20,80
128,degen-r20-m5-d0.0001-p3,100,20,5,0.0001,10020003,3,0.1,0.001,3fed85218a612eaabe22e48459bbd255,4.440892098500626e-16,0.7309238467931429,-0.039180959980333135,0,6.25775905362589e-15,3.986424097921176e-14,20,80
129,degen-r20-m5-d0.0001-p4,100,20,5,0.0001,10020004,4,0.1,0.001,aa8a33cc3e354af09c3e934e33e9fba5,4.440892098500626e-16,0.7650815653483168,-0.0368049448251111,0,6.952868641652533e-15,4.610317874177843e-14,20,80
130,degen-r20-m5-d1e-06-p0,100,20,5,1e-06,10020000,0,0.1,9.999999999999999e-06,9f2b4369345989d4926bf86ed2b13119,4.440892098500626e-16,0.727194294373091,-0.04042585877791352,0,6.7440908628701735e-15,4.328279396777864e-14,20,80
131,degen-r20-m5-d1e-06-p1,100,20,5,1e-06,10020001,1,0.1,9.999999999999999e-06,6347b240afea1c669de278cb69aa1bfd,4.440892098500626e-16,0.7283803764308601,-0.03691969368423938,0,7.041825293496498e-15,4.328423810337772e-14,20,80
132,degen-r20-m5-d1e-06-p2,100,20,5,1e-06,10020002,2,0.1,9.999999999999999e-06,fd6a7afa45c3cf9106bf7f9a92424662,5.551115123125783e-16,0.8476091122983171,-0.041763832731408504,0,7.758068179517011e-15,4.243666649316036e-14,20,80
133,degen-r20-m5-d1e-06-p3,100,20,5,1e-06,10020003,3,0.1,9.999999999999999e-06,35d1d0a5680f7ac306a76b9f73aff261,4.440892098500626e-16,0.7309259120523052,-0.03920094607415669,0,5.379715090996536e-15,4.1458316175719645e-14,20,80
134,degen-r20-m5-d1e-06-p4,100,20,5,1e-06,10020004,4,0.1,9.999999999999999e-06,667df5e1b63ecfd74d78a5019ced071e,4.440892098500626e-16,0.7650816579028068,-0.03682085924083167,0,9.948118704071878e-15,4.936999655335727e-14,20,80
135,degen-r20-m5-d1e-08-p0,100,20,5,1e-08,10020000,0,0.1,1e-07,2eeb6c84d200e3bb6338e6683276c9a6,4.440892098500626e-16,0.7271942516739897,-0.040426042214489935,0,5.9880041192891475e-15,4.38179226647062e-14,20,80
136,degen-r20-m5-d1e-08-p1,100,20,5,1e-08,10020001,1,0.1,1e-07,d0378ebadf59afce14d7ab5f143cd641,4.440892098500626e-16,0.7283803776914114,-0.03691986952372452,0,1.2113138667212069e-14,5.454946738557219e-14,20,80
137,degen-r20-m5-d1e-08-p2,100,20,5,1e-08,10020002,2,0.1,1e-07,e85960b975f85b4b76d022e801837c24,5.551115123125783e-16,0.847609114072881,-0.041764036749259575,0,7.898985202057566e-15,4.523843586410859e-14,20,80
138,degen-r20-m5-d1e-08-p3,100,20,5,1e-08,10020003,3,0.1,1e-07,0e788b1f613e7e5999a8f439f590ab75,4.440892098500626e-16,0.7309259327048968,-0.03920114594591324,0,9.963594458899193e-15,5.852599975055044e-14,20,80
139,degen-r20-m5-d1e-08-p4,100,20,5,1e-08,10020004,4,0.1,1e-07,ba0385e994980330d15478997160d4f6,4.440892098500626e-16,0.7650816588283517,-0.03682101839813416,0,7.28191210966082e-15,5.122464824339644e-14,20,80
140,degen-r20-m5-d1e-10-p0,100,20,5,1e-10,10020000,0,0.1,1e-09,974e9d66f40d4b718e81b89b0c8f0fea,4.440892098500626e-16,0.7271942512469987,-0.04042604404885633,0,6.4841206850236146e-15,4.292205165628466e-14,20,80
141,degen-r20-m5-d1e-10-p1,100,20,5,1e-10,10020001,1,0.1,1e-09,7054963071be2e0b89bf4c773d9988dd,4.440892098500626e-16,0.728380377704017,-0.03691987128212274,0,5.338314359524835e-15,3.670892448375034e-14,20,80
142,degen-r20-m5-d1e-10-p2,100,20,5,1e-10,10020002,2,0.1,1e-09,04c614df4da5c31a6f30b7636d79f6e5,5.551115123125783e-16,0.8476091140906266,-0.04176403878943742,0,6.014704321524861e-15,4.3244602251604925e-14,20,80
143,degen-r20-m5-d1e-10-p3,100,20,5,1e-10,10020003,3,0.1,1e-09,cdcbb9e375066b8b16a9984153a09371,4.440892098500626e-16,0.7309259329114227,-0.03920114794463077,0,6.1624878917045565e-15,4.227522521119012e-14,20,80
144,degen-r20-m5-d1e-10-p4,100,20,5,1e-10,10020004,4,0.1,1e-09,3da0aafeb6abc3eabd34f1a1df790246,4.440892098500626e-16,0.7650816588376071,-0.036821019989709755,0,6.921775353226396e-15,4.100499982123235e-14,20,80
145,degen-r20-m5-d0-p0,100,20,5,0.0,10020000,0,0.1,0.0,4cdf5c3a31bb5c2ba1c52a9d3018c854,4.440892098500626e-16,0.7271942512426856,-0.040426044067385966,5,7.60320414106627e-15,5.3703772082609145e-14,20,75
146,degen-r20-m5-d0-p1,100,20,5,0.0,10020001,1,0.1,0.0,31468ec21dbf07cb7978f1a0a3367e51,4.440892098500626e-16,0.7283803777041442,-0.03691987129988563,5,1.118518704302234e-14,4.640797255159178e-14,20,75
147,degen-r20-m5-d0-p2,100,20,5,0.0,10020002,2,0.1,0.0,f2fad302a614cedd2ee6e352dd181525,5.551115123125783e-16,0.8476091140908059,-0.041764038810045714,5,7.159001811431369e-15,4.413115541080964e-14,20,75
148,degen-r20-m5-d0-p3,100,20,5,0.0,10020003,3,0.1,0.0,672725b26f1598852d652a6a20c90be2,4.440892098500626e-16,0.7309259329135088,-0.03920114796481971,5,8.78410253195682e-15,4.441759510617386e-14,20,75
149,degen-r20-m5-d0-p4,100,20,5,0.0,10020004,4,0.1,0.0,f502c4ae43507d2ed69918ff2f0304ff,4.440892098500626e-16,0.7650816588377006,-0.036821020005785784,5,1.2069814517272481e-14,5.465406342515964e-14,20,75
150,degen-r20-m20-d0.01-p0,100,20,20,0.01,10020000,0,0.1,0.09999999999999999,f8b53d95eb0e572dda1dc6e33df3c695,4.440892098500626e-16,0.7317253724580227,-0.04944173364688405,0,6.4124390589420215e-15,4.4114610733996813e-14,20,80
151,degen-r20-m20-d0.01-p1,100,20,20,0.01,10020001,1,0.1,0.09999999999999999,6c2f6a8c95e67496397d152db37e2c12,4.440892098500626e-16,0.7270855832579562,-0.05013609020047906,0,6.5371304369745825e-15,3.988289944296421e-14,20,80
152,degen-r20-m20-d0.01-p2,100,20,20,0.01,10020002,2,0.1,0.09999999999999999,6cf48bfdeec26c03e0926badd5e0635d,5.551115123125783e-16,0.8462769713639368,-0.050946305854763715,0,7.722237632581043e-15,4.176171549411492e-14,20,80
153,degen-r20-m20-d0.01-p3,100,20,20,0.01,10020003,3,0.1,0.09999999999999999,4c516dfa1c812509c2e36b38b4fd3ed6,4.440892098500626e-16,0.7285895427228029,-0.050200764547955676,0,8.120581339769891e-15,4.4718821819625517e-14,20,80
154,degen-r20-m20-d0.01-p4,100,20,20,0.01,10020004,4,0.1,0.09999999999999999,0cf06a9488f0fdd5865b27779e5a6176,4.440892098500626e-16,0.7658428432656698,-0.050949398383870005,0,6.12235403661387e-15,4.104394891666319e-14,20,80
155,degen-r20-m20-d0.0001-p0,100,20,20,0.0001,10020000,0,0.1,0.001,f13d19c0688693a3353dd39e3dcd2192,4.440892098500626e-16,0.7317493613319567,-0.05261464707102136,0,6.551256644696548e-15,4.079091644527339e-14,20,80
156,degen-r20-m20-d0.0001-p1,100,20,20,0.0001,10020001,1,0.1,0.001,f74726c01d52c72facdb7cdecdfb622b,4.440892098500626e-16,0.726957161995494,-0.05358705160698581,0,8.167499635613815e-15,4.761669740859655e-14,20,80
157,degen-r20-m20-d0.0001-p2,100,20,20,0.0001,10020002,2,0.1,0.001,109c69cfffe658ca40e7e899fcbeb66f,5.551115123125783e-16,0.8461501530398394,-0.0542570821628066,0,6.416282295162952e-15,3.7081564828630275e-14,20,80
158,degen-r20-m20-d0.0001-p3,100,20,20,0.0001,10020003,3,0.1,0.001,76d022182f0c1bcbd47d21a10cafae20,4.440892098500626e-16,0.728562013042068,-0.05359186128426989,0,7.850462293418876e-15,4.3549190532695595e-14,20,80
159,degen-r20-m20-d0.0001-p4,100,20,20,0.0001,10020004,4,0.1,0.001,1e42e0fb75486b228d7c7048b88a2258,4.440892098500626e-16,0.7659368573849595,-0.05441745855244054,0,7.56989756821848e-15,4.4862202390757906e-14,20,80
160,degen-r20-m20-d1e-06-p0,100,20,20,1e-06,10020000,0,0.1,9.999999999999999e-06,c51d913a8a375f7d9fb7ac0ab5dc8c71,4.440892098500626e-16,0.731749601220696,-0.05264642241757714,0,5.2568796434789685e-15,3.731580536778744e-14,20,80
161,degen-r20-m20-d1e-06-p1,100,20,20,1e-06,10020001,1,0.1,9.999999999999999e-06,498c73f9e670f0c388528af0842887cf,4.440892098500626e-16,0.7269558777828694,-0.05362160652036236,0,7.271748933585094e-15,3.7089649959857036e-14,20,80
162,degen-r20-m20-d1e-06-p2,100,20,20,1e-06,10020002,2,0.1,9.999999999999999e-06,68c2187ad321cce7fdeabc5a3411763b,5.551115123125783e-16,0.8461488848565984,-0.0542902570057986,0,7.556860060039144e-15,4.0046321288963085e-14,20,80
163,degen-r20-m20-d1e-06-p3,100,20,20,1e-06,10020003,3,0.1,9.999999999999999e-06,fd6714fc5260932e625616b6590aad8b,4.440892098500626e-16,0.7285617377452607,-0.05362582035672816,0,8.361387308647542e-15,5.150218571510602e-14,20,80
164,degen-r20-m20-d1e-06-p4,100,20,20,1e-06,10020004,4,0.1,9.999999999999999e-06,70858a47ba8d3e60dcf76de8911938a3,4.440892098500626e-16,0.7659377975261524,-0.05445218776579978,0,6.239018776378166e-15,3.75603983502316e-14,20,80
165,degen-r20-m20-d1e-08-p0,100,20,20,1e-08,10020000,0,0.1,1e-07,b6a7b331a1926fd9f5d5fcc67583b67a,4.440892098500626e-16,0.7317496036195834,-0.05264674017520668,0,6.400895504920878e-15,3.861019221988871e-14,20,80
166,degen-r20-m20-d1e-08-p1,100,20,20,1e-08,10020001,1,0.1,1e-07,9257bf3c76e909f23923bb51b49092f3,4.440892098500626e-16,0.7269558649407432,-0.05362195207262527,0,8.384940558991618e-15,3.922422714287571e-14,20,80
167,degen-r20-m20-d1e-08-p2,100,20,20,1e-08,10020002,2,0.1,1e-07,11b311dae3992759f9a5616892f6f4a0,5.551115123125783e-16,0.8461488721747661,-0.054290588760303404,0,5.8946465275414735e-15,4.041104720345942e-14,20,80
168,degen-r20-m20-d1e-08-p3,100,20,20,1e-08,10020003,3,0.1,1e-07,407594498c664528c776411d83d5260f,4.440892098500626e-16,0.7285617349922926,-0.05362615995162225,0,8.248590975149166e-15,4.829110612351643e-14,20,80
169,degen-r20-m20-d1e-08-p4,100,20,20,1e-08,10020004,4,0.1,1e-07,0ec1a09f343b5b66c75593bd4b07fb03,4.440892098500626e-16,0.7659378069275643,-0.054452535062341226,0,6.825840403541238e-15,4.3045837146872435e-14,20,80
170,degen-r20-m20-d1e-10-p0,100,20,20,1e-10,10020000,0,0.1,1e-09,265380c2beeaadaff75fde4ec5e5d31d,4.440892098500626e-16,0.7317496036435723,-0.052646743352783375,0,8.6126405355189e-15,4.369710307682595e-14,20,80
171,degen-r20-m20-d1e-10-p1,100,20,20,1e-10,10020001,1,0.1,1e-09,9ebef6cb0f610f0ce5b5f19a643512f2,4.440892098500626e-16,0.7269558648123219,-0.05362195552814973,0,6.181460191301304e-15,3.917277212757456e-14,20,80
172,degen-r20-m20-d1e-10-p2,100,20,20,1e-10,10020002,2,0.1,1e-09,cdec56efd87fd34a48a0668f90e1537a,5.551115123125783e-16,0.8461488720479478,-0.054290592077847685,0,6.739520146748474e-15,4.351849394493171e-14,20,80
173,degen-r20-m20-d1e-10-p3,100,20,20,1e-10,10020003,3,0.1,1e-09,99a68edb827b91652a160984dac5184b,4.440892098500626e-16,0.728561734964763,-0.05362616334757269,0,8.436234040904044e-15,4.36843053165107e-14,20,80
174,degen-r20-m20-d1e-10-p4,100,20,20,1e-10,10020004,4,0.1,1e-09,63c0448161fcac5815ff03e1ac0a10c7,4.440892098500626e-16,0.7659378070215784,-0.054452538535308,0,7.73260573321981e-15,4.257233987934355e-14,20,80
175,degen-r20-m20-d0-p0,100,20,20,0.0,10020000,0,0.1,0.0,3fe81fbce2f037a92a9ba48d0310f6d6,4.440892098500626e-16,0.7317496036438146,-0.052646743384880464,20,5.304728796407105e-15,3.870114693479729e-14,20,60
176,degen-r20-m20-d0-p1,100,20,20,0.0,10020001,1,0.1,0.0,526b50effdc4b150a1c962f1ce110d10,4.440892098500626e-16,0.7269558648110247,-0.05362195556305414,20,6.694561985512475e-15,3.711327893329794e-14,20,60
177,degen-r20-m20-d0-p2,100,20,20,0.0,10020002,2,0.1,0.0,27fca33a60920e66044b6d990bcfdc06,5.551115123125783e-16,0.8461488720466668,-0.05429059211135913,20,7.5331720655602e-15,4.171946138339316e-14,20,60
178,degen-r20-m20-d0-p3,100,20,20,0.0,10020003,3,0.1,0.0,379e4d32b541ecf52c858749a9cb8c8a,4.440892098500626e-16,0.7285617349644848,-0.05362616338187521,20,1.004368399817203e-14,4.531096707188037e-14,20,60
179,degen-r20-m20-d0-p4,100,20,20,0.0,10020004,4,0.1,0.0,791df99e105ee6a608728413af651ceb,4.440892098500626e-16,0.7659378070225281,-0.0544525385703873,20,7.043575467574348e-15,3.973288864788244e-14,20,60
180,degen-r50-m1-d0.01-p0,100,50,1,0.01,10050000,0,0.1,0.09999999999999999,af80700a26851c7bf17fffa36972ae05,6.661338147750939e-16,0.5662094803480049,-0.056912657716306915,0,5.632672503515322e-15,3.4958825724070567e-14,50,50
181,degen-r50-m1-d0.01-p1,100,50,1,0.01,10050001,1,0.1,0.09999999999999999,b2d395e044923fb5fbc0d2623208cc2b,6.661338147750939e-16,0.4975047668884586,-0.05688732316642278,0,6.839370328420386e-15,3.571664133859972e-14,50,50
182,degen-r50-m1-d0.01-p2,100,50,1,0.01,10050002,2,0.1,0.09999999999999999,6ac612d5120bc0a7bb3ad324904fe7e5,8.881784197001252e-16,0.5526971045294368,-0.05762189780364448,0,6.964382220947394e-15,3.9512437603008624e-14,50,50
183,degen-r50-m1-d0.01-p3,100,50,1,0.01,10050003,3,0.1,0.09999999999999999,529bff1b1447ea191fcc190041d10e0e,6.661338147750939e-16,0.5598419240999254,-0.057385641347273926,0,7.553597166942284e-15,4.195749113038874e-14,50,50
184,degen-r50-m1-d0.01-p4,100,50,1,0.01,10050004,4,0.1,0.09999999999999999,6c44eab50c950b4bfbc1fea3eed5bf18,4.440892098500626e-16,0.4966812921263095,-0.05795924964466417,0,5.994176260545586e-15,3.829314398022741e-14,50,50
185,degen-r50-m1-d0.0001-p0,100,50,1,0.0001,10050000,0,0.1,0.001,4893f0bcc7866997cba38f3e04bbd182,6.661338147750939e-16,0.5661159752696014,-0.05710954478389912,0,6.66318826253394e-15,3.7107155000717075e-14,50,50
186,degen-r50-m1-d0.0001-p1,100,50,1,0.0001,10050001,1,0.1,0.001,6f8cf069172b998c77b2fdbfef4956db,6.661338147750939e-16,0.49748011051644336,-0.05711660216928781,0,5.951872396572449e-15,3.418389389265913e-14,50,50
187,degen-r50-m1-d0.0001-p2,100,50,1,0.0001,10050002,2,0.1,0.001,8780235ecdb5eebb4997817cc24d5da2,8.881784197001252e-16,0.5526855491946274,-0.05773318368581723,0,6.552197309019681e-15,3.474121269738885e-14,50,50
188,degen-r50-m1-d0.0001-p3,100,50,1,0.0001,10050003,3,0.1,0.001,ea19112289cf376969bbd0b9e679c70d,6.661338147750939e-16,0.5598431101883155,-0.0575170355664759,0,5.891509130072236e-15,3.461031463537923e-14,50,50
189,degen-r50-m1-d0.0001-p4,100,50,1,0.0001,10050004,4,0.1,0.001,f551bc7f7946d6fd82f048806ee96b08,4.440892098500626e-16,0.49668389502637533,-0.05832889296784216,0,9.034514474341528e-15,3.5723649445106275e-14,50,50
190,degen-r50-m1-d1e-06-p0,100,50,1,1e-06,10050000,0,0.1,9.999999999999999e-06,477903d485add0229db7eb7161ebcf48,6.661338147750939e-16,0.5661150402188173,-0.05711347211886819,0,6.595322839099869e-15,3.456020234676763e-14,50,50
191,degen-r50-m1-d1e-06-p1,100,50,1,1e-06,10050001,1,0.1,9.999999999999999e-06,4827e09db77aab163cb50fe440f5aec7,6.661338147750939e-16,0.49747986395272326,-0.057118975028120494,0,8.359175788932779e-15,4.61461910971507e-14,50,50
192,degen-r50-m1-d1e-06-p2,100,50,1,1e-06,10050002,2,0.1,9.999999999999999e-06,3384b5ee97f26021240993dd04d98913,8.881784197001252e-16,0.5526854336412793,-0.057734325160246944,0,7.843393695052852e-15,3.6629812507622734e-14,50,50
193,degen-r50-m1-d1e-06-p3,100,50,1,1e-06,10050003,3,0.1,9.999999999999999e-06,5b1d0472ca2a5595271f7f4699b4363e,6.661338147750939e-16,0.5598431220491994,-0.05751839274661043,0,5.689283699847428e-15,3.8460585437675665e-14,50,50
194,degen-r50-m1-d1e-06-p4,100,50,1,1e-06,10050004,4,0.1,9.999999999999999e-06,c50ce38b6f49fe051be19129cd97fbe7,4.440892098500626e-16,0.496683921055376,-0.0583329479129585,0,7.69505501592758e-15,3.785979260296464e-14,50,50
195,degen-r50-m1-d1e-08-p0,100,50,1,1e-08,10050000,0,0.1,1e-07,85e9ecfc221a6a32422fd2321095a5b7,6.661338147750939e-16,0.5661150308683095,-0.057113511451601505,0,8.37685159888474e-15,4.0256994485503165e-14,50,50
196,degen-r50-m1-d1e-08-p1,100,50,1,1e-08,10050001,1,0.1,1e-07,f60bcb8da58f685590529b42a2379ff2,6.661338147750939e-16,0.497479861487086,-0.057118998764072886,0,5.809342097129968e-15,3.5481348998504876e-14,50,50
197,degen-r50-m1-d1e-08-p2,100,50,1,1e-08,10050002,2,0.1,1e-07,4360c13a82f4417457dfbf2e71fd7ae8,8.881784197001252e-16,0.5526854324857459,-0.05773433657818068,0,6.018801532028295e-15,3.583752394126304e-14,50,50
198,degen-r50-m1-d1e-08-p3,100,50,1,1e-08,10050003,3,0.1,1e-07,de72149f506b105629d4af1ca13764b5,6.661338147750939e-16,0.5598431221678082,-0.05751840632296811,0,8.646207071388873e-15,3.792899263886585e-14,50,50
199,degen-r50-m1-d1e-08-p4,100,50,1,1e-08,10050004,4,0.1,1e-07,4c65d1371a1bb6be84acf47ed2771370,4.440892098500626e-16,0.496683921315666,-0.05833298849442099,0,5.634860374059478e-15,3.4770800665909045e-14,50,50
200,degen-r50-m1-d1e-10-p0,100,50,1,1e-10,10050000,0,0.1,1e-09,e5a356b549925ae4cd977c8ab8d29014,6.661338147750939e-16,0.5661150307748044,-0.057113511844934725,0,5.208590938883218e-15,3.464491015633017e-14,50,50
201,degen-r50-m1-d1e-10-p1,100,50,1,1e-10,10050001,1,0.1,1e-09,08fe8c942dcbd2c97101afdd70943159,6.661338147750939e-16,0.4974798614624297,-0.05711899900143287,0,6.058604129340785e-15,3.7563025565601175e-14,50,50
202,degen-r50-m1-d1e-10-p2,100,50,1,1e-10,10050002,2,0.1,1e-09,fb1276b29c439aa0262c4a8235f1b895,8.881784197001252e-16,0.5526854324741906,-0.057734336692360444,0,5.7848905533011264e-15,3.8552848352440133e-14,50,50
203,degen-r50-m1-d1e-10-p3,100,50,1,1e-10,10050003,3,0.1,1e-09,4daa50bfa7fab4d61e6edf53052828a7,6.661338147750939e-16,0.5598431221689942,-0.05751840645873209,0,8.071099952234136e-15,3.7773888488944294e-14,50,50
204,degen-r50-m1-d1e-10-p4,100,50,1,1e-10,10050004,4,0.1,1e-09,912c7651a17678baa69128e0932742dc,4.440892098500626e-16,0.49668392131826894,-0.0583329889002391,0,6.594388326471855e-15,3.6681660230026096e-14,50,50
205,degen-r50-m1-d0-p0,100,50,1,0.0,10050000,0,0.1,0.0,1c58358630f031219550f9c0890adfa0,6.661338147750939e-16,0.5661150307738599,-0.0571135118489074,1,6.195402603516567e-15,3.76375443145931e-14,50,49
206,degen-r50-m1-d0-p1,100,50,1,0.0,10050001,1,0.1,0.0,5b45af04bb242e2391c9f3561e7e65b5,6.661338147750939e-16,0.4974798614621806,-0.05711899900383095,1,6.634453505828769e-15,3.8044136838786815e-14,50,49
207,degen-r50-m1-d0-p2,100,50,1,0.0,10050002,2,0.1,0.0,99a9c0625cac69bdfb6fdfa9bb7e40fc,8.881784197001252e-16,0.5526854324740738,-0.05773433669351369,1,5.7848905533011264e-15,3.592598826244682e-14,50,49
208,degen-r50-m1-d0-p3,100,50,1,0.0,10050003,3,0.1,0.0,e1445e210f590e566d8dba952acd5494,6.661338147750939e-16,0.5598431221690062,-0.05751840646010332,1,6.819517252203961e-15,3.9955088205631396e-14,50,49
209,degen-r50-m1-d0-p4,100,50,1,0.0,10050004,4,0.1,0.0,4f1af40103ea4c14fcf25b038684f66a,4.440892098500626e-16,0.4966839213182952,-0.058332988904337905,1,6.181460191301304e-15,3.3878527916226907e-14,50,49
210,degen-r50-m5-d0.01-p0,100,50,5,0.01,10050000,0,0.1,0.09999999999999999,a3686686fb70d2d18c1236688471d5b2,6.661338147750939e-16,0.5674078305493643,-0.06088177789153971,0,5.834747504472176e-15,3.5797378539121826e-14,50,50
211,degen-r50-m5-d0.01-p1,100,50,5,0.01,10050001,1,0.1,0.09999999999999999,41cb2777284292f3d21dffa253ca20aa,6.661338147750939e-16,0.4957976339898323,-0.06025100597047043,0,7.113229329843195e-15,3.809198100423069e-14,50,50
212,degen-r50-m5-d0.01-p2,100,50,5,0.01,10050002,2,0.1,0.09999999999999999,9a07161e0a033a56f35a900b135ee3ff,8.881784197001252e-16,0.551770694539482,-0.06149429204946315,0,9.746594755139434e-15,4.021601954231161e-14,50,50
213,degen-r50-m5-d0.01-p3,100,50,5,0.01,10050003,3,0.1,0.09999999999999999,3cae46d075398ea807da2418eae90731,6.661338147750939e-16,0.5584423538974983,-0.06161195770607775,0,8.468316637044674e-15,3.8566499856428286e-14,50,50
214,degen-r50-m5-d0.01-p4,100,50,5,0.01,10050004,4,0.1,0.09999999999999999,a274d07b16915f57de289c6fde030110,4.440892098500626e-16,0.493075274763631,-0.06215109341071998,0,6.035162558560573e-15,3.6542692948675324e-14,50,50
215,degen-r50-m5-d0.0001-p0,100,50,5,0.0001,10050000,0,0.1,0.001,27a75da8d56b7b149d589e48f4f9a1a1,6.661338147750939e-16,0.5674461439931103,-0.061631057610621875,0,6.729453643524391e-15,3.6677715394355324e-14,50,50
216,degen-r50-m5-d0.0001-p1,100,50,5,0.0001,10050001,1,0.1,0.001,ad2fae3507d8a75c0089fca8abb914d6,6.661338147750939e-16,0.4955851929989682,-0.06096438515304294,0,6.847475451147955e-15,4.171185730086348e-14,50,50
217,degen-r50-m5-d0.0001-p2,100,50,5,0.0001,10050002,2,0.1,0.001,f4fc5209f4402f0216963e379ba6c4bf,8.881784197001252e-16,0.5516572341057777,-0.0624791616370302,0,6.424921171190995e-15,3.544725585691953e-14,50,50
218,degen-r50-m5-d0.0001-p3,100,50,5,0.0001,10050003,3,0.1,0.001,8133a07ee9faf7c2f59e049496426ac1,6.661338147750939e-16,0.5582895872636213,-0.06258269649525398,0,8.08102046837693e-15,3.657673043482094e-14,50,50
219,degen-r50-m5-d0.0001-p4,100,50,5,0.0001,10050004,4,0.1,0.001,2e303d7212d3a9b723b978b568262939,4.440892098500626e-16,0.49268121575380225,-0.06322176307527459,0,5.592042499930296e-15,3.475045699362418e-14,50,50
220,degen-r50-m5-d1e-06-p0,100,50,5,1e-06,10050000,0,0.1,9.999999999999999e-06,c28deacdd02caa1d2d64042520d19b52,6.661338147750939e-16,0.5674465271275478,-0.06163875337648634,0,7.040074684322524e-15,3.902327604129645e-14,50,50
221,degen-r50-m5-d1e-06-p1,100,50,5,1e-06,10050001,1,0.1,9.999999999999999e-06,1e821a0198886786c7866330252e2f27,6.661338147750939e-16,0.49558306858905954,-0.06097168209980038,0,7.034820242975254e-15,3.7824453780704774e-14,50,50
222,degen-r50-m5-d1e-06-p2,100,50,5,1e-06,10050002,2,0.1,9.999999999999999e-06,8cc7cbbe47ed17c04c1c6154d8009733,8.881784197001252e-16,0.5516560995014406,-0.06248952046100481,0,5.883134557068357e-15,3.499057253146454e-14,50,50
223,degen-r50-m5-d1e-06-p3,100,50,5,1e-06,10050003,3,0.1,9.999999999999999e-06,b05ab311b47f679684b922979e419b1e,6.661338147750939e-16,0.5582880595972826,-0.06259279261317335,0,7.016398710624188e-15,3.703467701881818e-14,50,50
224,degen-r50-m5-d1e-06-p4,100,50,5,1e-06,10050004,4,0.1,9.999999999999999e-06,ffc843e002fe365af45fde6af83e865a,4.440892098500626e-16,0.49267727516370396,-0.06323261344653754,0,8.647632544495811e-15,4.0649151981430596e-14,50,50
225,degen-r50-m5-d1e-08-p0,100,50,5,1e-08,10050000,0,0.1,1e-07,1f78243b976ad8b74f537c4363f140e6,6.661338147750939e-16,0.5674465309588922,-0.06163883035331925,0,6.8950123633834074e-15,3.920896510408678e-14,50,50
226,degen-r50-m5-d1e-08-p1,100,50,5,1e-08,10050001,1,0.1,1e-07,b38ccb958761a309aa2eea43d343147b,6.661338147750939e-16,0.49558304734496045,-0.060971755085085746,0,7.411102517575435e-15,4.0430488399427064e-14,50,50
227,degen-r50-m5-d1e-08-p2,100,50,5,1e-08,10050002,2,0.1,1e-07,1050fb513576ab780ce904d9569074ec,8.881784197001252e-16,0.5516560881553972,-0.062489624095227236,0,6.373879244140267e-15,3.5411217020690944e-14,50,50
228,degen-r50-m5-d1e-08-p3,100,50,5,1e-08,10050003,3,0.1,1e-07,bdce852bcb5e11dee3cea928b82e25d1,6.661338147750939e-16,0.5582880443206192,-0.06259289360625682,0,6.474608987538192e-15,3.387858417069539e-14,50,50
229,degen-r50-m5-d1e-08-p4,100,50,5,1e-08,10050004,4,0.1,1e-07,a96a889279653b628a47a4ee0128dfce,4.440892098500626e-16,0.492677235757803,-0.06323272196317116,0,6.4517237000705825e-15,3.7765098243531035e-14,50,50
230,degen-r50-m5-d1e-10-p0,100,50,5,1e-10,10050000,0,0.1,1e-09,e68e4513c47b027af48ac512717155f0,6.661338147750939e-16,0.5674465309972057,-0.061638831123089974,0,7.157279862684529e-15,3.6564567618433637e-14,50,50
231,degen-r50-m5-d1e-10-p1,100,50,5,1e-10,10050001,1,0.1,1e-09,eb71f91792a56f1dca285f15201237a3,6.661338147750939e-16,0.49558304713251944,-0.06097175581494029,0,8.558804275175206e-15,3.917198776978637e-14,50,50
232,degen-r50-m5-d1e-10-p2,100,50,5,1e-10,10050002,2,0.1,1e-09,49657211ff06cf59136876ea2231b5ea,8.881784197001252e-16,0.5516560880419368,-0.06248962513157434,0,6.183453889205524e-15,3.6030612342822316e-14,50,50
233,degen-r50-m5-d1e-10-p3,100,50,5,1e-10,10050003,3,0.1,1e-09,6cf476622284cc30952223aa9bb9257a,6.661338147750939e-16,0.5582880441678526,-0.06259289461619062,0,6.0013690691372095e-15,3.3580080852437173e-14,50,50
234,degen-r50-m5-d1e-10-p4,100,50,5,1e-10,10050004,4,0.1,1e-09,3a61ce7ac0a65cb6aa26fc57b7f4d71a,4.440892098500626e-16,0.49267723536374397,-0.06323272304833863,0,5.538889206520646e-15,3.477418394946415e-14,50,50
235,degen-r50-m5-d0-p0,100,50,5,0.0,10050000,0,0.1,0.0,5bbabe7e2dea93b96d610839bd3290c0,6.661338147750939e-16,0.5674465309975927,-0.061638831130865615,5,5.942545873637355e-15,3.6544750433831724e-14,50,45
236,degen-r50-m5-d0-p1,100,50,5,0.0,10050001,1,0.1,0.0,91a8294a901485b0be53b28fc46ea12a,6.661338147750939e-16,0.4955830471303736,-0.0609717558223124,5,7.263268757016716e-15,4.043086914556407e-14,50,45
237,degen-r50-m5-d0-p2,100,50,5,0.0,10050002,2,0.1,0.0,5f80d6af5d6b75abc71bbd5e76594aaf,8.881784197001252e-16,0.5516560880407908,-0.06248962514204208,5,6.4603151832437054e-15,3.717449596009498e-14,50,45
238,degen-r50-m5-d0-p3,100,50,5,0.0,10050003,3,0.1,0.0,565a391c826b947044ee8e19ced46f0b,6.661338147750939e-16,0.5582880441663095,-0.0625928946263919,5,7.575594422540623e-15,3.782824199985407e-14,50,45
239,degen-r50-m5-d0-p4,100,50,5,0.0,10050004,4,0.1,0.0,5d3c5247b060556529e5658287e7e928,4.440892098500626e-16,0.4926772353597636,-0.06323272305929964,5,5.735674758739812e-15,3.353697011494506e-14,50,45
240,degen-r50-m20-d0.01-p0,100,50,20,0.01,10050000,0,0.1,0.09999999999999999,1b4bc8fc37c92863c16aeeaae6c3bbaa,6.661338147750939e-16,0.5625385278286128,-0.07255790779192171,0,7.217303627247154e-15,3.408918663026434e-14,50,50
241,degen-r50-m20-d0.01-p1,100,50,20,0.01,10050001,1,0.1,0.09999999999999999,ae99f2ac32ab8a042e0a95934b6f9cde,6.661338147750939e-16,0.48937372160899417,-0.07196856714177641,0,7.389449626546413e-15,3.558383277155989e-14,50,50
242,degen-r50-m20-d0.01-p2,100,50,20,0.01,10050002,2,0.1,0.09999999999999999,e5eec20b9b4480f7ec5387ebd012aedb,8.881784197001252e-16,0.5440045011568483,-0.0726625101081383,0,6.8465753557840735e-15,3.6171929596070234e-14,50,50
243,degen-r50-m20-d0.01-p3,100,50,20,0.01,10050003,3,0.1,0.09999999999999999,a1f76cae9a36c7a38ee79438cb7c9388,6.661338147750939e-16,0.559544059917762,-0.07258223049634065,0,7.275138236464806e-15,3.701319855338432e-14,50,50
244,degen-r50-m20-d0.01-p4,100,50,20,0.01,10050004,4,0.1,0.09999999999999999,3aefbc9ddcd595dba3d218b326a209cb,4.440892098500626e-16,0.48604803841086225,-0.07241790180586455,0,6.794165799203996e-15,3.397541646069863e-14,50,50
245,degen-r50-m20-d0.0001-p0,100,50,20,0.0001,10050000,0,0.1,0.001,ca8e426069f0c2dc2d1e51b074550054,6.661338147750939e-16,0.5620412179730763,-0.07473800850246398,0,5.896737198480607e-15,3.407424662819428e-14,50,50
246,degen-r50-m20-d0.0001-p1,100,50,20,0.0001,10050001,1,0.1,0.001,5521a2b0f77cfc0eb2a95cfd93a74629,6.661338147750939e-16,0.48845465025623785,-0.07419834514974168,0,7.850462293418876e-15,4.2803542394005854e-14,50,50
247,degen-r50-m20-d0.0001-p2,100,50,20,0.0001,10050002,2,0.1,0.001,5917a1075896b1f2ec3d2d87ae7372d2,8.881784197001252e-16,0.5430367594510542,-0.07498246052635407,0,6.709275326305665e-15,4.093640507223514e-14,50,50
248,degen-r50-m20-d0.0001-p3,100,50,20,0.0001,10050003,3,0.1,0.001,26a47e3b0c9c361a7edf47a0ae84382b,6.661338147750939e-16,0.559512480946114,-0.07508450980122716,0,7.28783408389169e-15,3.9162156989467764e-14,50,50
249,degen-r50-m20-d0.0001-p4,100,50,20,0.0001,10050004,4,0.1,0.001,d1d250758fdb8e773e9225c583d4b00b,4.440892098500626e-16,0.48488098340222896,-0.07474520901753998,0,7.326630836200295e-15,3.826359549007264e-14,50,50
250,degen-r50-m20-d1e-06-p0,100,50,20,1e-06,10050000,0,0.1,9.999999999999999e-06,502da329e3ad090508ead1e0a194e150,6.661338147750939e-16,0.5620362448745209,-0.07475996522870033,0,6.214274414676049e-15,3.389113612933355e-14,50,50
251,degen-r50-m20-d1e-06-p1,100,50,20,1e-06,10050001,1,0.1,9.999999999999999e-06,4d194521a0394fa3b918e1fac771d262,6.661338147750939e-16,0.4884454595427103,-0.07422077617109993,0,6.3816098464286216e-15,3.724314449041413e-14,50,50
252,degen-r50-m20-d1e-06-p2,100,50,20,1e-06,10050002,2,0.1,9.999999999999999e-06,895c1406f3d5c2b5a406d5cb089b4b77,8.881784197001252e-16,0.5430270820339963,-0.0750059819535384,0,6.842973790381891e-15,3.4993098203282894e-14,50,50
253,degen-r50-m20-d1e-06-p3,100,50,20,1e-06,10050003,3,0.1,9.999999999999999e-06,07bd6e8abe18694e6b9c6e0ba5310b25,6.661338147750939e-16,0.5595121651563976,-0.07510975213745584,0,6.8501750276183545e-15,3.445771451336606e-14,50,50
254,degen-r50-m20-d1e-06-p4,100,50,20,1e-06,10050004,4,0.1,9.999999999999999e-06,c9f826bde477867c86a46d1a5497f212,4.440892098500626e-16,0.48486931285214263,-0.07476867922140928,0,6.4345063192492896e-15,4.1414688270815045e-14,50,50
255,degen-r50-m20-d1e-08-p0,100,50,20,1e-08,10050000,0,0.1,1e-07,122291de01b04566f1b89a825716e0a5,6.661338147750939e-16,0.5620361951435353,-0.07476018481445464,0,6.606526679858433e-15,3.733132415852509e-14,50,50
256,degen-r50-m20-d1e-08-p1,100,50,20,1e-08,10050001,1,0.1,1e-07,ebfad02b94c09aedc1f0d07a88c54565,6.661338147750939e-16,0.488445367635575,-0.0742210004937702,0,6.050460840540378e-15,3.4042067280164543e-14,50,50
257,degen-r50-m20-d1e-08-p2,100,50,20,1e-08,10050002,2,0.1,1e-07,63d24dce4122864d25ca4ffa7ed81de5,8.881784197001252e-16,0.5430269852598257,-0.07500621720124961,0,5.396871661894235e-15,3.269967131234536e-14,50,50
258,degen-r50-m20-d1e-08-p3,100,50,20,1e-08,10050003,3,0.1,1e-07,eed01dda10849cab1bee392d680156ba,6.661338147750939e-16,0.5595121619985004,-0.07511000457760098,0,6.4124390589420215e-15,3.9900323864952634e-14,50,50
259,degen-r50-m20-d1e-08-p4,100,50,20,1e-08,10050004,4,0.1,1e-07,98fe6d0e04246944a84b260415c447f0,4.440892098500626e-16,0.48486919614664176,-0.07476891394090779,0,5.8061586050119385e-15,3.40234305426839e-14,50,50
260,degen-r50-m20-d1e-10-p0,100,50,20,1e-10,10050000,0,0.1,1e-09,f4dae77adc60894a235757a91b8fed82,6.661338147750939e-16,0.5620361946462255,-0.07476018701031412,0,1.0070646956748923e-14,4.0005881889069175e-14,50,50
261,degen-r50-m20-d1e-10-p1,100,50,20,1e-10,10050001,1,0.1,1e-09,6173dfe07171b533a0415352417766d1,6.661338147750939e-16,0.4884453667165036,-0.07422100273699804,0,7.194210933346674e-15,3.934906816823486e-14,50,50
262,degen-r50-m20-d1e-10-p2,100,50,20,1e-10,10050002,2,0.1,1e-09,d85e9cf3138e4539d0eeff4e1a7d16a4,8.881784197001252e-16,0.543026984292084,-0.07500621955373017,0,7.371914323887742e-15,3.3572515285259466e-14,50,50
263,degen-r50-m20-d1e-10-p3,100,50,20,1e-10,10050003,3,0.1,1e-09,4c6334c84c87819d664e148a2ee40b87,6.661338147750939e-16,0.5595121619669214,-0.07511000710200402,0,6.405707847157618e-15,4.0023296610919876e-14,50,50
264,degen-r50-m20-d1e-10-p4,100,50,20,1e-10,10050004,4,0.1,1e-09,9ad409837604fe6001fba476838590b0,4.440892098500626e-16,0.48486919497958675,-0.07476891628810438,0,7.720641304371205e-15,3.811815211813548e-14,50,50
265,degen-r50-m20-d0-p0,100,50,20,0.0,10050000,0,0.1,0.0,01d27a53cc992ee51442cb8fa9d45813,6.661338147750939e-16,0.5620361946412021,-0.07476018703249455,20,6.399932602244513e-15,3.525849881268624e-14,50,30
266,degen-r50-m20-d0-p1,100,50,20,0.0,10050001,1,0.1,0.0,1f54a35b2d0f7110c135fdce93155dcd,6.661338147750939e-16,0.4884453667072201,-0.07422100275965672,20,7.09240499826988e-15,3.9929616266109087e-14,50,30
267,degen-r50-m20-d0-p2,100,50,20,0.0,10050002,2,0.1,0.0,97359f57909b053e1a7df5d31d97f2d2,8.881784197001252e-16,0.5430269842823089,-0.0750062195774925,20,6.605593752270663e-15,3.8770367693574174e-14,50,30
268,degen-r50-m20-d0-p3,100,50,20,0.0,10050003,3,0.1,0.0,5ffeea8f1ce202ffe653b8e3eab8cd50,6.661338147750939e-16,0.5595121619666025,-0.07511000712750276,20,8.529952670149715e-15,4.295413314292927e-14,50,30
269,degen-r50-m20-d0-p4,100,50,20,0.0,10050004,4,0.1,0.0,0c55bada82f28dd56257280ffb18cbbb,4.440892098500626e-16,0.4848691949677983,-0.07476891631181372,20,8.738379165215088e-15,3.649195062410724e-14,50,30
