0	degen-r5-m1-d0.01-p0	100	5a4fd88b84c258cdb9d79136b3b4ab90
1	degen-r5-m1-d0.01-p1	100	9b29c330c234e819f78f550dc0ab95e4
2	degen-r5-m1-d0.01-p2	100	00daaeeedd1bf5b058fdf4dd9c003f0f
3	degen-r5-m1-d0.01-p3	100	0aa191891c261371d9bf7b85e9e409f0
4	degen-r5-m1-d0.01-p4	100	06330dba4d257b5c0da04146e6c0989a
5	degen-r5-m1-d0.0001-p0	100	0228f46d871b8269b7875b78883ac8e1
6	degen-r5-m1-d0.0001-p1	100	174b5297a7480ca548489b56a6071583
7	degen-r5-m1-d0.0001-p2	100	c94f33779743931a8448ad67f9021931
8	degen-r5-m1-d0.0001-p3	100	5a814fa01d835485dd05bc4981c35d65
9	degen-r5-m1-d0.0001-p4	100	33c8ae720411d2bfbf00e4b97a12090c
10	degen-r5-m1-d1e-06-p0	100	3efa4311771e87cf5115446b06c6cd34
11	degen-r5-m1-d1e-06-p1	100	e912960de3f5d2ac26a1507800ad33e7
12	degen-r5-m1-d1e-06-p2	100	7d66ea0cf2bc5b25533383c63c4c8376
13	degen-r5-m1-d1e-06-p3	100	98023451cfb21b8061a335981676acfc
14	degen-r5-m1-d1e-06-p4	100	b4f32a6b27bd74a0cc2508a2df2ee81e
15	degen-r5-m1-d1e-08-p0	100	830d621c2985f6098c8230b18e112fc6
16	degen-r5-m1-d1e-08-p1	100	aa2ac5ada101c4805b9d1e7fa0f0545a
17	degen-r5-m1-d1e-08-p2	100	372f758aea1be6f18b034943348e9682
18	degen-r5-m1-d1e-08-p3	100	f36694be0815e789d1734172ddeb1276
19	degen-r5-m1-d1e-08-p4	100	f7961e3c78a9bc22c92a16a3aa34913a
20	degen-r5-m1-d1e-10-p0	100	15fafa2b5323b3abe24f800e080f6111
21	degen-r5-m1-d1e-10-p1	100	7c35dcf0a30d0f9251bb6803644b0282
22	degen-r5-m1-d1e-10-p2	100	1cfc879c8fd80a85c23109b871d66eb5
23	degen-r5-m1-d1e-10-p3	100	07a9609775bcf1b36a707ea6b5c3daf8
24	degen-r5-m1-d1e-10-p4	100	f2fb82a5b2a3e71a2293e1ba15ae006e
25	degen-r5-m1-d0-p0	100	083223db2ffb10942a263f3025900329
26	degen-r5-m1-d0-p1	100	c4f569f7fe84510701239af3c3038037
27	degen-r5-m1-d0-p2	100	26c46e3e6cde03928c9fc82bd7890b4e
28	degen-r5-m1-d0-p3	100	b5fa78cd2585924baecc161e9024bdb2
29	degen-r5-m1-d0-p4	100	7930a12835f7871cf28f944cf39b7419
30	degen-r5-m5-d0.01-p0	100	6aba6f0f684f58b1022e19aa6c77c0ef
31	degen-r5-m5-d0.01-p1	100	8386dfc5efe1f195aca86c34f9b1bde0
32	degen-r5-m5-d0.01-p2	100	be346e4d26a8cf4952bd6b125090a890
33	degen-r5-m5-d0.01-p3	100	48ec2d63c23a55605188c420f1d63471
34	degen-r5-m5-d0.01-p4	100	9c1f033543a67df65d4c9439ed8fb613
35	degen-r5-m5-d0.0001-p0	100	7b2e08e6f271c4fd3e0eb501732e2724
36	degen-r5-m5-d0.0001-p1	100	7429bb786520d4538aef983befc92624
37	degen-r5-m5-d0.0001-p2	100	d4c3c8bbb9b851cc31bdfbca995fee5a
38	degen-r5-m5-d0.0001-p3	100	e78efd110c9352e239f946adda672b8e
39	degen-r5-m5-d0.0001-p4	100	3fbd2e798296f1702ac891a3ef3dc3ac
40	degen-r5-m5-d1e-06-p0	100	0a476d3b84822a181eb708ebecc2b7a5
41	degen-r5-m5-d1e-06-p1	100	72b081c83bc5f4d3bf7701236f4a4469
42	degen-r5-m5-d1e-06-p2	100	9a9a1767573453625385e0a131ccad05
43	degen-r5-m5-d1e-06-p3	100	c8a382d1841a89fd5bb671cb85e356c9
44	degen-r5-m5-d1e-06-p4	100	56da4a66faaed2b61d2a03eefbb80e97
45	degen-r5-m5-d1e-08-p0	100	6bb4582aed430c844a101c96257cfeab
46	degen-r5-m5-d1e-08-p1	100	c03cd070c1936041e86bca898d4767fc
47	degen-r5-m5-d1e-08-p2	100	e273935bbc9db5f440b4eb489ade88ec
48	degen-r5-m5-d1e-08-p3	100	6058148c1ebc21b3a9765b13c2ed2da5
49	degen-r5-m5-d1e-08-p4	100	fecfbca4803192edfc6c4fa1614c38a1
50	degen-r5-m5-d1e-10-p0	100	1abfc740c045d379f719ec4c26bf81ef
51	degen-r5-m5-d1e-10-p1	100	ea5c57b0da5630d07b58962f00663c33
52	degen-r5-m5-d1e-10-p2	100	8f64a2a7632c3335437d34b53dd1447e
53	degen-r5-m5-d1e-10-p3	100	7c793b2f2a6e37c74008c796ee88875c
54	degen-r5-m5-d1e-10-p4	100	0b6ffe38a351ded6d361c553a15cf63e
55	degen-r5-m5-d0-p0	100	80d5ad63ca3b94c07bc5b3433d9b8d87
56	degen-r5-m5-d0-p1	100	194f52fd8c4e1a937dd1497ec17d8551
57	degen-r5-m5-d0-p2	100	2c66759f62ed335e788fe2d151ddd34d
58	degen-r5-m5-d0-p3	100	9f2622ea8f331e85f27500ae9c20f784
59	degen-r5-m5-d0-p4	100	02a73e191a92774a3e5e6e4f56441173
60	degen-r5-m20-d0.01-p0	100	513da8b4a75f3dd5e4b7a54d8a1ee7af
61	degen-r5-m20-d0.01-p1	100	b1bc1ebf681cc5231c9123f7e961b3ba
62	degen-r5-m20-d0.01-p2	100	3a65ba6ec3b137c2388b1341a568e65b
63	degen-r5-m20-d0.01-p3	100	4903a431ccc07e13d444292c2fe84cfb
64	degen-r5-m20-d0.01-p4	100	85643a66a796ed15e0c9311aaaf353d2
65	degen-r5-m20-d0.0001-p0	100	f0df2a05be1174310013402a2e7eaf77
66	degen-r5-m20-d0.0001-p1	100	7a1330435c97f04f02097b9b3fc4394f
67	degen-r5-m20-d0.0001-p2	100	2631ff78b846c7a445e28d4ae6f24207
68	degen-r5-m20-d0.0001-p3	100	7f011b4a0d5379ab98a1c677e0327b68
69	degen-r5-m20-d0.0001-p4	100	76b1ccdf3947c2b89b4f64b1d733fb47
70	degen-r5-m20-d1e-06-p0	100	d23bb36c6c98b212b98147329d6a895f
71	degen-r5-m20-d1e-06-p1	100	68d152121815ac3642ea689cc900cad6
72	degen-r5-m20-d1e-06-p2	100	2ad7eed0b3c5c8a5c641936860caf0dc
73	degen-r5-m20-d1e-06-p3	100	448081488ef350912ae74add806929b2
74	degen-r5-m20-d1e-06-p4	100	1e421f8bfc0d97c622fbdcdb1cdbd665
75	degen-r5-m20-d1e-08-p0	100	9554f4fd39bd0a204fc8592a9489c055
76	degen-r5-m20-d1e-08-p1	100	b3eec56de899c24e0dbb54996d7388e5
77	degen-r5-m20-d1e-08-p2	100	a234d500ea17e5a79d2f87c3e4e60dee
78	degen-r5-m20-d1e-08-p3	100	a0d95980f37d88d154771845e7a7eae3
79	degen-r5-m20-d1e-08-p4	100	0a372ee392cb3d5ba81ff5747c69e758
80	degen-r5-m20-d1e-10-p0	100	cce825c2672b039a26c3b35d3cb55422
81	degen-r5-m20-d1e-10-p1	100	1cc6c5711de8b88dab22898333c065ec
82	degen-r5-m20-d1e-10-p2	100	716d32fee7c41c41422440eb293f07ca
83	degen-r5-m20-d1e-10-p3	100	83745735371eccb6d643f4983d05bd84
84	degen-r5-m20-d1e-10-p4	100	7281530214d8b4f61ff92a6405b75c28
85	degen-r5-m20-d0-p0	100	0e44fa773f9b2e96a3d32ccac6a5b436
86	degen-r5-m20-d0-p1	100	236d0bdfac5c70c6a790236c5a7c1454
87	degen-r5-m20-d0-p2	100	f7fca9c2277831e4cf957104818e7f77
88	degen-r5-m20-d0-p3	100	29a763949097add985d255956164e50d
89	degen-r5-m20-d0-p4	100	4a3c8d1693406ed37180646d1148499d
90	degen-r20-m1-d0.01-p0	100	ade16bc2893bcb6d68d09fd33358f8d2
91	degen-r20-m1-d0.01-p1	100	c46eac1100e35220056269fc71d2dc64
92	degen-r20-m1-d0.01-p2	100	a257378dbe7454b795de9c972aea09f8
93	degen-r20-m1-d0.01-p3	100	f91b171cf384628f2a09bbccae08f5bb
94	degen-r20-m1-d0.01-p4	100	bc8130f953b40a14fd33b9d2fcfad54a
95	degen-r20-m1-d0.0001-p0	100	380c1e8f242f29c96da89c56253ba1e3
96	degen-r20-m1-d0.0001-p1	100	a4b6f319f96e1ef4f524b23c79c62355
97	degen-r20-m1-d0.0001-p2	100	1e5b97e7846fab00d9d68432a705e6ee
98	degen-r20-m1-d0.0001-p3	100	65efdde9012e12149c41aede2a380466
99	degen-r20-m1-d0.0001-p4	100	73a710bec4c512e214a6b411d26d8c49
100	degen-r20-m1-d1e-06-p0	100	627531a9f331564c8bc4e1587b4b2c15
101	degen-r20-m1-d1e-06-p1	100	1b36bdd77a9d09406fa067d23e80dc18
102	degen-r20-m1-d1e-06-p2	100	4a30303d64ee1e9705aca5ad93c09010
103	degen-r20-m1-d1e-06-p3	100	1819577e3422f54c58b2061661efd92f
104	degen-r20-m1-d1e-06-p4	100	091fab8e66dbc198445f374eba31a4d4
105	degen-r20-m1-d1e-08-p0	100	691570c19e40624dafa9181d4f0b08de
106	degen-r20-m1-d1e-08-p1	100	4bea7c58b305859f7eacb927f6abe0c6
107	degen-r20-m1-d1e-08-p2	100	d994a41e5413517bec69ff343d318fcb
108	degen-r20-m1-d1e-08-p3	100	3f6b8933105643bae993b1ae1930a90d
109	degen-r20-m1-d1e-08-p4	100	be4bed570026f7440f59aff89b6e85c9
110	degen-r20-m1-d1e-10-p0	100	f75b9685598ff215aa8eaec5ffc36e37
111	degen-r20-m1-d1e-10-p1	100	3900bab17eb93c4f5a008efe990b8392
112	degen-r20-m1-d1e-10-p2	100	7812f92209e40153c20714860017d9de
113	degen-r20-m1-d1e-10-p3	100	131d74a73b0abb2dfb8cf011e5124d49
114	degen-r20-m1-d1e-10-p4	100	2d6bd5f93dfd07ee2e21a00ed19bf4ab
115	degen-r20-m1-d0-p0	100	c620d0b015876344c5ad3853f75010c0
116	degen-r20-m1-d0-p1	100	f5b4b09eb2c5080ee355f91b3b74973d
117	degen-r20-m1-d0-p2	100	49867d6c78cc0fbbfd15b453412a7b37
118	degen-r20-m1-d0-p3	100	2ae4333027bf68d6410d7304d750da7b
119	degen-r20-m1-d0-p4	100	962d02beb5a35af857449bce461103c8
120	degen-r20-m5-d0.01-p0	100	6099bffbcf6c7f47f2be17151212e35e
121	degen-r20-m5-d0.01-p1	100	ea5daf24b3883b3eb0b00d1c715db996
122	degen-r20-m5-d0.01-p2	100	1e20db65f578e8968c5e6ecc4515b396
123	degen-r20-m5-d0.01-p3	100	08e913cdca355da49c6a25954a8f0fae
124	degen-r20-m5-d0.01-p4	100	6c4c50afc5a5738e11ec420794d65fef
125	degen-r20-m5-d0.0001-p0	100	ac5a5a86459016f32e65c4b004319c6c
126	degen-r20-m5-d0.0001-p1	100	4bdd719a64a97b33040ba6e9227addaa
127	degen-r20-m5-d0.0001-p2	100	4f513d26c5716a60b07b95b2b5439cbf
128	degen-r20-m5-d0.0001-p3	100	3fed85218a612eaabe22e48459bbd255
129	degen-r20-m5-d0.0001-p4	100	aa8a33cc3e354af09c3e934e33e9fba5
130	degen-r20-m5-d1e-06-p0	100	9f2b4369345989d4926bf86ed2b13119
131	degen-r20-m5-d1e-06-p1	100	6347b240afea1c669de278cb69aa1bfd
132	degen-r20-m5-d1e-06-p2	100	fd6a7afa45c3cf9106bf7f9a92424662
133	degen-r20-m5-d1e-06-p3	100	35d1d0a5680f7ac306a76b9f73aff261
134	degen-r20-m5-d1e-06-p4	100	667df5e1b63ecfd74d78a5019ced071e
135	degen-r20-m5-d1e-08-p0	100	2eeb6c84d200e3bb6338e6683276c9a6
136	degen-r20-m5-d1e-08-p1	100	d0378ebadf59afce14d7ab5f143cd641
137	degen-r20-m5-d1e-08-p2	100	e85960b975f85b4b76d022e801837c24
138	degen-r20-m5-d1e-08-p3	100	0e788b1f613e7e5999a8f439f590ab75
139	degen-r20-m5-d1e-08-p4	100	ba0385e994980330d15478997160d4f6
140	degen-r20-m5-d1e-10-p0	100	974e9d66f40d4b718e81b89b0c8f0fea
141	degen-r20-m5-d1e-10-p1	100	7054963071be2e0b89bf4c773d9988dd
142	degen-r20-m5-d1e-10-p2	100	04c614df4da5c31a6f30b7636d79f6e5
143	degen-r20-m5-d1e-10-p3	100	cdcbb9e375066b8b16a9984153a09371
144	degen-r20-m5-d1e-10-p4	100	3da0aafeb6abc3eabd34f1a1df790246
145	degen-r20-m5-d0-p0	100	4cdf5c3a31bb5c2ba1c52a9d3018c854
146	degen-r20-m5-d0-p1	100	31468ec21dbf07cb7978f1a0a3367e51
147	degen-r20-m5-d0-p2	100	f2fad302a614cedd2ee6e352dd181525
148	degen-r20-m5-d0-p3	100	672725b26f1598852d652a6a20c90be2
149	degen-r20-m5-d0-p4	100	f502c4ae43507d2ed69918ff2f0304ff
150	degen-r20-m20-d0.01-p0	100	f8b53d95eb0e572dda1dc6e33df3c695
151	degen-r20-m20-d0.01-p1	100	6c2f6a8c95e67496397d152db37e2c12
152	degen-r20-m20-d0.01-p2	100	6cf48bfdeec26c03e0926badd5e0635d
153	degen-r20-m20-d0.01-p3	100	4c516dfa1c812509c2e36b38b4fd3ed6
154	degen-r20-m20-d0.01-p4	100	0cf06a9488f0fdd5865b27779e5a6176
155	degen-r20-m20-d0.0001-p0	100	f13d19c0688693a3353dd39e3dcd2192
156	degen-r20-m20-d0.0001-p1	100	f74726c01d52c72facdb7cdecdfb622b
157	degen-r20-m20-d0.0001-p2	100	109c69cfffe658ca40e7e899fcbeb66f
158	degen-r20-m20-d0.0001-p3	100	76d022182f0c1bcbd47d21a10cafae20
159	degen-r20-m20-d0.0001-p4	100	1e42e0fb75486b228d7c7048b88a2258
160	degen-r20-m20-d1e-06-p0	100	c51d913a8a375f7d9fb7ac0ab5dc8c71
161	degen-r20-m20-d1e-06-p1	100	498c73f9e670f0c388528af0842887cf
162	degen-r20-m20-d1e-06-p2	100	68c2187ad321cce7fdeabc5a3411763b
163	degen-r20-m20-d1e-06-p3	100	fd6714fc5260932e625616b6590aad8b
164	degen-r20-m20-d1e-06-p4	100	70858a47ba8d3e60dcf76de8911938a3
165	degen-r20-m20-d1e-08-p0	100	b6a7b331a1926fd9f5d5fcc67583b67a
166	degen-r20-m20-d1e-08-p1	100	9257bf3c76e909f23923bb51b49092f3
167	degen-r20-m20-d1e-08-p2	100	11b311dae3992759f9a5616892f6f4a0
168	degen-r20-m20-d1e-08-p3	100	407594498c664528c776411d83d5260f
169	degen-r20-m20-d1e-08-p4	100	0ec1a09f343b5b66c75593bd4b07fb03
170	degen-r20-m20-d1e-10-p0	100	265380c2beeaadaff75fde4ec5e5d31d
171	degen-r20-m20-d1e-10-p1	100	9ebef6cb0f610f0ce5b5f19a643512f2
172	degen-r20-m20-d1e-10-p2	100	cdec56efd87fd34a48a0668f90e1537a
173	degen-r20-m20-d1e-10-p3	100	99a68edb827b91652a160984dac5184b
174	degen-r20-m20-d1e-10-p4	100	63c0448161fcac5815ff03e1ac0a10c7
175	degen-r20-m20-d0-p0	100	3fe81fbce2f037a92a9ba48d0310f6d6
176	degen-r20-m20-d0-p1	100	526b50effdc4b150a1c962f1ce110d10
177	degen-r20-m20-d0-p2	100	27fca33a60920e66044b6d990bcfdc06
178	degen-r20-m20-d0-p3	100	379e4d32b541ecf52c858749a9cb8c8a
179	degen-r20-m20-d0-p4	100	791df99e105ee6a608728413af651ceb
180	degen-r50-m1-d0.01-p0	100	af80700a26851c7bf17fffa36972ae05
181	degen-r50-m1-d0.01-p1	100	b2d395e044923fb5fbc0d2623208cc2b
182	degen-r50-m1-d0.01-p2	100	6ac612d5120bc0a7bb3ad324904fe7e5
183	degen-r50-m1-d0.01-p3	100	529bff1b1447ea191fcc190041d10e0e
184	degen-r50-m1-d0.01-p4	100	6c44eab50c950b4bfbc1fea3eed5bf18
185	degen-r50-m1-d0.0001-p0	100	4893f0bcc7866997cba38f3e04bbd182
186	degen-r50-m1-d0.0001-p1	100	6f8cf069172b998c77b2fdbfef4956db
187	degen-r50-m1-d0.0001-p2	100	8780235ecdb5eebb4997817cc24d5da2
188	degen-r50-m1-d0.0001-p3	100	ea19112289cf376969bbd0b9e679c70d
189	degen-r50-m1-d0.0001-p4	100	f551bc7f7946d6fd82f048806ee96b08
190	degen-r50-m1-d1e-06-p0	100	477903d485add0229db7eb7161ebcf48
191	degen-r50-m1-d1e-06-p1	100	4827e09db77aab163cb50fe440f5aec7
192	degen-r50-m1-d1e-06-p2	100	3384b5ee97f26021240993dd04d98913
193	degen-r50-m1-d1e-06-p3	100	5b1d0472ca2a5595271f7f4699b4363e
194	degen-r50-m1-d1e-06-p4	100	c50ce38b6f49fe051be19129cd97fbe7
195	degen-r50-m1-d1e-08-p0	100	85e9ecfc221a6a32422fd2321095a5b7
196	degen-r50-m1-d1e-08-p1	100	f60bcb8da58f685590529b42a2379ff2
197	degen-r50-m1-d1e-08-p2	100	4360c13a82f4417457dfbf2e71fd7ae8
198	degen-r50-m1-d1e-08-p3	100	de72149f506b105629d4af1ca13764b5
199	degen-r50-m1-d1e-08-p4	100	4c65d1371a1bb6be84acf47ed2771370
200	degen-r50-m1-d1e-10-p0	100	e5a356b549925ae4cd977c8ab8d29014
201	degen-r50-m1-d1e-10-p1	100	08fe8c942dcbd2c97101afdd70943159
202	degen-r50-m1-d1e-10-p2	100	fb1276b29c439aa0262c4a8235f1b895
203	degen-r50-m1-d1e-10-p3	100	4daa50bfa7fab4d61e6edf53052828a7
204	degen-r50-m1-d1e-10-p4	100	912c7651a17678baa69128e0932742dc
205	degen-r50-m1-d0-p0	100	1c58358630f031219550f9c0890adfa0
206	degen-r50-m1-d0-p1	100	5b45af04bb242e2391c9f3561e7e65b5
207	degen-r50-m1-d0-p2	100	99a9c0625cac69bdfb6fdfa9bb7e40fc
208	degen-r50-m1-d0-p3	100	e1445e210f590e566d8dba952acd5494
209	degen-r50-m1-d0-p4	100	4f1af40103ea4c14fcf25b038684f66a
210	degen-r50-m5-d0.01-p0	100	a3686686fb70d2d18c1236688471d5b2
211	degen-r50-m5-d0.01-p1	100	41cb2777284292f3d21dffa253ca20aa
212	degen-r50-m5-d0.01-p2	100	9a07161e0a033a56f35a900b135ee3ff
213	degen-r50-m5-d0.01-p3	100	3cae46d075398ea807da2418eae90731
214	degen-r50-m5-d0.01-p4	100	a274d07b16915f57de289c6fde030110
215	degen-r50-m5-d0.0001-p0	100	27a75da8d56b7b149d589e48f4f9a1a1
216	degen-r50-m5-d0.0001-p1	100	ad2fae3507d8a75c0089fca8abb914d6
217	degen-r50-m5-d0.0001-p2	100	f4fc5209f4402f0216963e379ba6c4bf
218	degen-r50-m5-d0.0001-p3	100	8133a07ee9faf7c2f59e049496426ac1
219	degen-r50-m5-d0.0001-p4	100	2e303d7212d3a9b723b978b568262939
220	degen-r50-m5-d1e-06-p0	100	c28deacdd02caa1d2d64042520d19b52
221	degen-r50-m5-d1e-06-p1	100	1e821a0198886786c7866330252e2f27
222	degen-r50-m5-d1e-06-p2	100	8cc7cbbe47ed17c04c1c6154d8009733
223	degen-r50-m5-d1e-06-p3	100	b05ab311b47f679684b922979e419b1e
224	degen-r50-m5-d1e-06-p4	100	ffc843e002fe365af45fde6af83e865a
225	degen-r50-m5-d1e-08-p0	100	1f78243b976ad8b74f537c4363f140e6
226	degen-r50-m5-d1e-08-p1	100	b38ccb958761a309aa2eea43d343147b
227	degen-r50-m5-d1e-08-p2	100	1050fb513576ab780ce904d9569074ec
228	degen-r50-m5-d1e-08-p3	100	bdce852bcb5e11dee3cea928b82e25d1
229	degen-r50-m5-d1e-08-p4	100	a96a889279653b628a47a4ee0128dfce
230	degen-r50-m5-d1e-10-p0	100	e68e4513c47b027af48ac512717155f0
231	degen-r50-m5-d1e-10-p1	100	eb71f91792a56f1dca285f15201237a3
232	degen-r50-m5-d1e-10-p2	100	49657211ff06cf59136876ea2231b5ea
233	degen-r50-m5-d1e-10-p3	100	6cf476622284cc30952223aa9bb9257a
234	degen-r50-m5-d1e-10-p4	100	3a61ce7ac0a65cb6aa26fc57b7f4d71a
235	degen-r50-m5-d0-p0	100	5bbabe7e2dea93b96d610839bd3290c0
236	degen-r50-m5-d0-p1	100	91a8294a901485b0be53b28fc46ea12a
237	degen-r50-m5-d0-p2	100	5f80d6af5d6b75abc71bbd5e76594aaf
238	degen-r50-m5-d0-p3	100	565a391c826b947044ee8e19ced46f0b
239	degen-r50-m5-d0-p4	100	5d3c5247b060556529e5658287e7e928
240	degen-r50-m20-d0.01-p0	100	1b4bc8fc37c92863c16aeeaae6c3bbaa
241	degen-r50-m20-d0.01-p1	100	ae99f2ac32ab8a042e0a95934b6f9cde
242	degen-r50-m20-d0.01-p2	100	e5eec20b9b4480f7ec5387ebd012aedb
243	degen-r50-m20-d0.01-p3	100	a1f76cae9a36c7a38ee79438cb7c9388
244	degen-r50-m20-d0.01-p4	100	3aefbc9ddcd595dba3d218b326a209cb
245	degen-r50-m20-d0.0001-p0	100	ca8e426069f0c2dc2d1e51b074550054
246	degen-r50-m20-d0.0001-p1	100	5521a2b0f77cfc0eb2a95cfd93a74629
247	degen-r50-m20-d0.0001-p2	100	5917a1075896b1f2ec3d2d87ae7372d2
248	degen-r50-m20-d0.0001-p3	100	26a47e3b0c9c361a7edf47a0ae84382b
249	degen-r50-m20-d0.0001-p4	100	d1d250758fdb8e773e9225c583d4b00b
250	degen-r50-m20-d1e-06-p0	100	502da329e3ad090508ead1e0a194e150
251	degen-r50-m20-d1e-06-p1	100	4d194521a0394fa3b918e1fac771d262
252	degen-r50-m20-d1e-06-p2	100	895c1406f3d5c2b5a406d5cb089b4b77
253	degen-r50-m20-d1e-06-p3	100	07bd6e8abe18694e6b9c6e0ba5310b25
254	degen-r50-m20-d1e-06-p4	100	c9f826bde477867c86a46d1a5497f212
255	degen-r50-m20-d1e-08-p0	100	122291de01b04566f1b89a825716e0a5
256	degen-r50-m20-d1e-08-p1	100	ebfad02b94c09aedc1f0d07a88c54565
257	degen-r50-m20-d1e-08-p2	100	63d24dce4122864d25ca4ffa7ed81de5
258	degen-r50-m20-d1e-08-p3	100	eed01dda10849cab1bee392d680156ba
259	degen-r50-m20-d1e-08-p4	100	98fe6d0e04246944a84b260415c447f0
260	degen-r50-m20-d1e-10-p0	100	f4dae77adc60894a235757a91b8fed82
261	degen-r50-m20-d1e-10-p1	100	6173dfe07171b533a0415352417766d1
262	degen-r50-m20-d1e-10-p2	100	d85e9cf3138e4539d0eeff4e1a7d16a4
263	degen-r50-m20-d1e-10-p3	100	4c6334c84c87819d664e148a2ee40b87
264	degen-r50-m20-d1e-10-p4	100	9ad409837604fe6001fba476838590b0
265	degen-r50-m20-d0-p0	100	01d27a53cc992ee51442cb8fa9d45813
266	degen-r50-m20-d0-p1	100	1f54a35b2d0f7110c135fdce93155dcd
267	degen-r50-m20-d0-p2	100	97359f57909b053e1a7df5d31d97f2d2
268	degen-r50-m20-d0-p3	100	5ffeea8f1ce202ffe653b8e3eab8cd50
269	degen-r50-m20-d0-p4	100	0c55bada82f28dd56257280ffb18cbbb
