instance,n,solver,tol_rule,tol_value,updates,total_evds,elapsed_seconds,evd_seconds,evd_percent,bb_seconds,certificate_seconds,rescale_seconds,newton_cg_seconds,dykstra_update_seconds,anderson_update_seconds,other_seconds,dist_G_X_fro,err_vs_ref_fro,lambda_min_X,diag_error_pre,diag_error_post,certificate_2,certificate_inf,ceiling_clamp_pct,exit,cg_iters_total,jacobian_vector_products,linesearch_trials,nls_backtracks,mls_backtracks,negative_curvature_count,accepted_outer_iterations,ref_cert_2,julia_version,blas_vendor,blas_threads,julia_threads,cpu,os,git_commit
degen-r5-m1-d0.01-p0,500,SBB-Dual,1e-7*n,1.0e-11,1074,1075,111.4175877,109.0470966,97.87242647329369,0.0224468,0.0156968,0.0048911,0.0,0.0,0.0,2.327456399999995,0.23139939340863486,9.983062049738655e-12,-8.186301419719334e-14,5.195843755245733e-13,0.0,9.88204436441585e-12,5.195843755245733e-13,100.0,diag_feasible,0,0,0,0,0,0,1074,2.273708565001092e-14,1.12.6,lbt,1,1,Intel(R) Core(TM) 7 150U,NT,2abc7cc
degen-r5-m1-d0.01-p0,500,Newton-SIN-BH,1e-7*n,4.9999999999999996e-5,3,4,0.5611039,0.4560986,81.28594365499866,0.0,4.4e-5,0.0,0.1010348,0.0,0.0,0.003926499999999972,0.23139939340863144,3.5985297692697983e-12,-7.770319149767094e-14,2.298161660974074e-13,2.298161660974074e-13,5.02286700313601e-13,2.298161660974074e-13,NaN,converged,18,18,0,0,0,0,3,2.273708565001092e-14,1.12.6,lbt,1,1,Intel(R) Core(TM) 7 150U,NT,2abc7cc
degen-r5-m1-d0.01-p0,500,Newton-SIN,1e-7*n,4.9999999999999996e-5,3,7,0.8307977,0.7355135,88.53099858124307,0.0,5.74e-5,0.0,0.091482,0.0,0.0,0.003744799999999937,0.23139939340863144,3.5985297692697983e-12,-7.770319149767094e-14,2.298161660974074e-13,2.298161660974074e-13,5.02286700313601e-13,2.298161660974074e-13,NaN,converged,18,18,0,0,0,0,3,2.273708565001092e-14,1.12.6,lbt,1,1,Intel(R) Core(TM) 7 150U,NT,2abc7cc
degen-r5-m1-d0.01-p0,500,AGD-SDAJ-BH,1e-7*n,1.0e-11,10,103,12.9077808,12.802729600000001,99.18614050216905,0.0,0.0016057,0.0,0.0,0.0,0.0,0.10344549999999834,0.23139939338364487,2.910861563369984e-11,-8.78339135441898e-14,1.2975176488794204e-12,1.2975176488794204e-12,3.2248407915258043e-12,1.2975176488794204e-12,NaN,diag_feasible,0,0,44,44,0,0,10,2.273708565001092e-14,1.12.6,lbt,1,1,Intel(R) Core(TM) 7 150U,NT,2abc7cc
degen-r5-m1-d0.01-p0,500,AGD-SDAJ,1e-7*n,1.0e-11,11,127,14.8126602,14.583940499999999,98.45591745903953,0.0,0.0019343,0.0,0.0,0.0,0.0,0.22678540000000097,0.2313993933784574,3.658141318879083e-11,-9.09320844404096e-14,1.4696022176963197e-12,1.4696022176963197e-12,4.176831824141402e-12,1.4696022176963197e-12,NaN,diag_feasible_at_xpre,0,0,64,50,14,0,11,2.273708565001092e-14,1.12.6,lbt,1,1,Intel(R) Core(TM) 7 150U,NT,2abc7cc
degen-r5-m1-d0.01-p0,500,Dykstra-APM,1e-7*n,4.9999999999999996e-5,800,800,101.8936776,88.5392223,86.89373510255949,0.0,0.0,0.0,0.0,9.368598,0.0,3.9858572999999975,0.23133092263124305,7.20091645571069e-5,-7.593307305975464e-14,3.7742449587874205e-7,3.7742449587874205e-7,7.187947571385941e-6,3.7742449587874205e-7,NaN,max_iter,0,0,0,0,0,0,800,2.273708565001092e-14,1.12.6,lbt,1,1,Intel(R) Core(TM) 7 150U,NT,2abc7cc
degen-r5-m1-d0.01-p0,500,Anderson-APM,1e-7*n,4.9999999999999996e-5,341,341,50.7501679,38.8908691,76.63200085688781,0.0,0.0,0.0,0.0,0.0,10.0826017,1.776697099999998,0.23139939344547084,7.756140043845349e-11,-8.086847771255855e-14,1.928901482983747e-12,1.928901482983747e-12,9.475298992496604e-12,1.928901482983747e-12,NaN,diag_feasible,0,0,0,0,0,0,341,2.273708565001092e-14,1.12.6,lbt,1,1,Intel(R) Core(TM) 7 150U,NT,2abc7cc
degen-r5-m1-d0-p0,500,SBB-Dual,1e-7*n,1.0e-11,1069,1070,128.1709277,125.44885839999999,97.87621939791889,0.0125881,0.0176369,0.0052117,0.0,0.0,0.0,2.6866326000000016,0.2334894240699921,1.110343200737523e-11,-7.48853249678239e-14,5.269118474870993e-13,0.0,9.992426378771275e-12,5.269118474870993e-13,100.0,diag_feasible,0,0,0,0,0,0,1069,3.4899874464835e-14,1.12.6,lbt,1,1,Intel(R) Core(TM) 7 150U,NT,2abc7cc
degen-r5-m1-d0-p0,500,Newton-SIN-BH,1e-7*n,4.9999999999999996e-5,4,5,0.6842079,0.5379697,78.62664257457419,0.0,5.94e-5,0.0,0.1415044,0.0,0.0,0.004674399999999995,0.23348942407011744,6.702080170974472e-13,-8.526460224276296e-14,1.0325074129013956e-14,1.0325074129013956e-14,4.498582048525239e-14,1.0325074129013956e-14,NaN,converged,26,26,0,0,0,0,4,3.4899874464835e-14,1.12.6,lbt,1,1,Intel(R) Core(TM) 7 150U,NT,2abc7cc
degen-r5-m1-d0-p0,500,Newton-SIN,1e-7*n,4.9999999999999996e-5,4,9,1.1141716,0.9748265,87.49338970765366,0.0,6.5e-5,0.0,0.1343547,0.0,0.0,0.004925399999999885,0.23348942407011744,6.702080170974472e-13,-8.526460224276296e-14,1.0325074129013956e-14,1.0325074129013956e-14,4.498582048525239e-14,1.0325074129013956e-14,NaN,converged,26,26,0,0,0,0,4,3.4899874464835e-14,1.12.6,lbt,1,1,Intel(R) Core(TM) 7 150U,NT,2abc7cc
degen-r5-m1-d0-p0,500,AGD-SDAJ-BH,1e-7*n,1.0e-11,19,196,22.476369,21.6731014,96.42616830147254,0.0,0.0027647,0.0,0.0,0.0,0.0,0.8005028999999981,0.23348942404415546,3.327208108412579e-11,-7.306763305620361e-14,1.5329959524024162e-12,1.5329959524024162e-12,3.857704185909741e-12,1.5329959524024162e-12,NaN,diag_feasible_at_xpre,0,0,85,85,0,0,19,3.4899874464835e-14,1.12.6,lbt,1,1,Intel(R) Core(TM) 7 150U,NT,2abc7cc
degen-r5-m1-d0-p0,500,AGD-SDAJ,1e-7*n,1.0e-11,20,221,24.7916557,24.016272700000002,96.87240332238076,0.0,0.0028332,0.0,0.0,0.0,0.0,0.772549799999998,0.2334894240441833,3.1211317060800566e-11,-7.770527739692411e-14,6.832312493543213e-13,6.832312493543213e-13,3.4649402124390032e-12,6.832312493543213e-13,NaN,diag_feasible_at_xpre,0,0,104,95,9,0,20,3.4899874464835e-14,1.12.6,lbt,1,1,Intel(R) Core(TM) 7 150U,NT,2abc7cc
degen-r5-m1-d0-p0,500,Dykstra-APM,1e-7*n,4.9999999999999996e-5,800,800,101.0811805,89.0846665,88.13180263560535,0.0,0.0,0.0,0.0,8.140921,0.0,3.8555930000000043,0.23342372187478103,6.960308205260441e-5,-7.935964492281829e-14,3.6523904900498394e-7,3.6523904900498394e-7,6.961885166078249e-6,3.6523904900498394e-7,NaN,max_iter,0,0,0,0,0,0,800,3.4899874464835e-14,1.12.6,lbt,1,1,Intel(R) Core(TM) 7 150U,NT,2abc7cc
degen-r5-m1-d0-p0,500,Anderson-APM,1e-7*n,4.9999999999999996e-5,91,91,11.6627235,8.7506336,75.03079019235945,0.0,0.0,0.0,0.0,0.0,2.3035575,0.6085323999999996,0.23348942407788476,7.065640254182271e-11,-7.430801876631167e-14,5.5245807928372415e-12,5.5245807928372415e-12,9.970227338220527e-12,5.5245807928372415e-12,NaN,diag_feasible,0,0,0,0,0,0,91,3.4899874464835e-14,1.12.6,lbt,1,1,Intel(R) Core(TM) 7 150U,NT,2abc7cc
degen-r5-m5-d0.01-p0,500,SBB-Dual,1e-7*n,1.0e-11,1060,1061,110.0820167,107.98846019999999,98.09818482367973,0.0133213,0.0153547,0.0047054,0.0,0.0,0.0,2.0601751000000053,0.28480091795043605,1.0097951417720276e-11,-8.59094183375361e-14,5.211386877590485e-13,0.0,9.87644113121922e-12,5.211386877590485e-13,100.0,diag_feasible,0,0,0,0,0,0,1060,2.964253894070834e-14,1.12.6,lbt,1,1,Intel(R) Core(TM) 7 150U,NT,2abc7cc
degen-r5-m5-d0.01-p0,500,Newton-SIN-BH,1e-7*n,4.9999999999999996e-5,3,4,0.4060867,0.3223999,79.39188848095739,0.0,3.84e-5,0.0,0.0803707,0.0,0.0,0.0032777000000000084,0.2848009179504408,4.277728652146907e-12,-7.890324356747392e-14,2.857714065385153e-13,2.857714065385153e-13,5.954473856602904e-13,2.857714065385153e-13,NaN,converged,20,20,0,0,0,0,3,2.964253894070834e-14,1.12.6,lbt,1,1,Intel(R) Core(TM) 7 150U,NT,2abc7cc
degen-r5-m5-d0.01-p0,500,Newton-SIN,1e-7*n,4.9999999999999996e-5,3,7,0.4241195,0.35225639999999997,83.05593117034232,0.0,2.12e-5,0.0,0.0696098,0.0,0.0,0.0022321000000000146,0.2848009179504408,4.277728652146907e-12,-7.890324356747392e-14,2.857714065385153e-13,2.857714065385153e-13,5.954473856602904e-13,2.857714065385153e-13,NaN,converged,20,20,0,0,0,0,3,2.964253894070834e-14,1.12.6,lbt,1,1,Intel(R) Core(TM) 7 150U,NT,2abc7cc
degen-r5-m5-d0.01-p0,500,AGD-SDAJ-BH,1e-7*n,1.0e-11,11,125,7.2542183,7.1062553,97.96031779192529,0.0,0.0008423,0.0,0.0,0.0,0.0,0.14712069999999985,0.2848009179307385,2.8231187213660735e-11,-8.03051836919693e-14,8.814060592499118e-13,8.814060592499118e-13,3.0601140607423203e-12,8.814060592499118e-13,NaN,diag_feasible,0,0,58,58,0,0,11,2.964253894070834e-14,1.12.6,lbt,1,1,Intel(R) Core(TM) 7 150U,NT,2abc7cc
degen-r5-m5-d0.01-p0,500,AGD-SDAJ,1e-7*n,1.0e-11,112,4018,465.325245,456.1077182,98.01912170056453,0.0,0.0583079,0.0,0.0,0.0,0.0,9.159218899999972,0.284800909227031,1.6929551742236766e-8,-9.410872214943683e-14,1.3686611843866103e-9,1.3686611843866103e-9,2.1397901933615143e-9,1.3686611843866103e-9,NaN,evd_budget,0,0,3448,563,2885,0,112,2.964253894070834e-14,1.12.6,lbt,1,1,Intel(R) Core(TM) 7 150U,NT,2abc7cc
degen-r5-m5-d0.01-p0,500,Dykstra-APM,1e-7*n,4.9999999999999996e-5,800,800,189.5993403,168.208887,88.71807609343249,0.0,0.0,0.0,0.0,13.2545304,0.0,8.13592289999999,0.28475904612025776,5.459645204887346e-5,-8.059318299481703e-14,2.839772483831382e-7,2.839772483831382e-7,5.449814095789348e-6,2.839772483831382e-7,NaN,max_iter,0,0,0,0,0,0,800,2.964253894070834e-14,1.12.6,lbt,1,1,Intel(R) Core(TM) 7 150U,NT,2abc7cc
degen-r5-m5-d0.01-p0,500,Anderson-APM,1e-7*n,4.9999999999999996e-5,109,109,27.9194227,21.428485,76.75117508787172,0.0,0.0,0.0,0.0,0.0,5.3525438,1.1383938999999996,0.2848009179282412,7.22631203740864e-11,-8.343684773558413e-14,4.518385665619462e-12,4.518385665619462e-12,9.722017785354011e-12,4.518385665619462e-12,NaN,diag_feasible,0,0,0,0,0,0,109,2.964253894070834e-14,1.12.6,lbt,1,1,Intel(R) Core(TM) 7 150U,NT,2abc7cc
degen-r5-m5-d0-p0,500,SBB-Dual,1e-7*n,1.0e-11,970,971,205.9883773,203.1142628,98.60472006349457,0.0219222,0.0316276,0.0088521,0.0,0.0,0.0,2.81171259999999,0.29772139398605063,2.3899176131884238e-11,-7.340544939504279e-14,7.086553566182374e-13,0.0,9.915766539020952e-12,7.086553566182374e-13,100.0,diag_feasible,0,0,0,0,0,0,970,3.86910733002453e-14,1.12.6,lbt,1,1,Intel(R) Core(TM) 7 150U,NT,2abc7cc
degen-r5-m5-d0-p0,500,Newton-SIN-BH,1e-7*n,4.9999999999999996e-5,5,6,1.5817747,1.0721399999999999,67.78082871094094,0.0,0.0001771,0.0,0.5000364,0.0,0.0,0.009421200000000018,0.2977213939860129,7.553929359665401e-13,-7.242530929893824e-14,4.3298697960381105e-15,4.3298697960381105e-15,2.7858413797589887e-14,4.3298697960381105e-15,NaN,converged,51,51,0,0,0,0,5,3.86910733002453e-14,1.12.6,lbt,1,1,Intel(R) Core(TM) 7 150U,NT,2abc7cc
degen-r5-m5-d0-p0,500,Newton-SIN,1e-7*n,4.9999999999999996e-5,6,18,4.1315031,3.3463860000000003,80.99681687277447,0.0,0.0002743,0.0,0.7670166,0.0,0.0,0.01782619999999946,0.29772139398602615,8.908100601750091e-13,-8.386837875122984e-14,1.709743457922741e-14,1.709743457922741e-14,6.061960049067518e-14,1.709743457922741e-14,NaN,converged,65,65,5,0,0,0,6,3.86910733002453e-14,1.12.6,lbt,1,1,Intel(R) Core(TM) 7 150U,NT,2abc7cc
degen-r5-m5-d0-p0,500,AGD-SDAJ-BH,1e-7*n,1.0e-11,22,209,44.7626464,44.2784118,98.91821722140182,0.0,0.0059017,0.0,0.0,0.0,0.0,0.4783329000000006,0.29772139394600405,6.232276603871777e-11,-8.292731973889485e-14,2.3954171979312378e-12,2.3954171979312378e-12,7.926284258039914e-12,2.3954171979312378e-12,NaN,diag_feasible,0,0,78,78,0,0,22,3.86910733002453e-14,1.12.6,lbt,1,1,Intel(R) Core(TM) 7 150U,NT,2abc7cc
degen-r5-m5-d0-p0,500,AGD-SDAJ,1e-7*n,1.0e-11,21,285,58.5449983,57.625824200000004,98.42996989206506,0.0,0.0082018,0.0,0.0,0.0,0.0,0.9109722999999993,0.297721393965165,2.404580130306864e-11,-9.692776971020131e-14,3.5014213750628187e-12,3.5014213750628187e-12,6.2151488104627216e-12,3.5014213750628187e-12,NaN,diag_feasible,0,0,159,95,64,0,21,3.86910733002453e-14,1.12.6,lbt,1,1,Intel(R) Core(TM) 7 150U,NT,2abc7cc
degen-r5-m5-d0-p0,500,Dykstra-APM,1e-7*n,4.9999999999999996e-5,800,800,197.5515003,173.2302935,87.68867522490791,0.0,0.0,0.0,0.0,16.7712782,0.0,7.549928599999998,0.2977016920733556,2.652352360214981e-5,-8.449664616689905e-14,1.9750535773521705e-7,1.9750535773521705e-7,2.7731441131479004e-6,1.9750535773521705e-7,NaN,max_iter,0,0,0,0,0,0,800,3.86910733002453e-14,1.12.6,lbt,1,1,Intel(R) Core(TM) 7 150U,NT,2abc7cc
degen-r5-m5-d0-p0,500,Anderson-APM,1e-7*n,4.9999999999999996e-5,163,163,38.1398511,28.7019917,75.25459820161699,0.0,0.0,0.0,0.0,0.0,7.4184541,2.0194053000000007,0.297721393952056,6.881193793448591e-11,-8.123210001097854e-14,2.099209694961246e-12,2.099209694961246e-12,8.329811541031515e-12,2.099209694961246e-12,NaN,diag_feasible,0,0,0,0,0,0,163,3.86910733002453e-14,1.12.6,lbt,1,1,Intel(R) Core(TM) 7 150U,NT,2abc7cc
degen-r5-m20-d0.01-p0,500,SBB-Dual,1e-7*n,1.0e-11,1032,1033,211.8681702,207.8645299,98.11031534551857,0.0230055,0.033754,0.3915478,0.0,0.0,0.0,3.5553330000000005,0.41892074022026216,1.0077367067323312e-11,-8.043703853322372e-14,5.224709553885987e-13,0.0,9.925300725033836e-12,5.224709553885987e-13,100.0,diag_feasible,0,0,0,0,0,0,1032,6.847736456673159e-14,1.12.6,lbt,1,1,Intel(R) Core(TM) 7 150U,NT,2abc7cc
degen-r5-m20-d0.01-p0,500,Newton-SIN-BH,1e-7*n,4.9999999999999996e-5,5,6,1.3784925,1.0941722,79.37454864643806,0.0,0.0001611,0.0,0.2740455,0.0,0.0,0.010113699999999837,0.41892074022025894,6.494239630766277e-13,-8.807091675840284e-14,2.0650148258027912e-14,2.0650148258027912e-14,3.546237257136609e-14,2.0650148258027912e-14,NaN,converged,28,28,0,0,0,0,5,6.847736456673159e-14,1.12.6,lbt,1,1,Intel(R) Core(TM) 7 150U,NT,2abc7cc
degen-r5-m20-d0.01-p0,500,Newton-SIN,1e-7*n,4.9999999999999996e-5,8,29,7.0492002,6.3104401,89.51994440447301,0.0,0.0006332,0.0,0.6162311,0.0,0.0,0.12189579999999944,0.41892074022035736,7.218290650277002e-13,-8.716465164186017e-14,1.0103029524088925e-14,1.0103029524088925e-14,7.275773554984055e-14,1.0103029524088925e-14,NaN,converged,52,52,12,0,0,0,8,6.847736456673159e-14,1.12.6,lbt,1,1,Intel(R) Core(TM) 7 150U,NT,2abc7cc
degen-r5-m20-d0.01-p0,500,AGD-SDAJ-BH,1e-7*n,1.0e-11,10,112,25.164949,24.911560299999998,98.9930887600845,0.0,0.0045878,0.0,0.0,0.0,0.0,0.24880090000000213,0.4189207401945832,6.175068833053566e-11,-8.844232947268277e-14,2.9389823907877144e-12,2.9389823907877144e-12,7.290395070816664e-12,2.9389823907877144e-12,NaN,diag_feasible,0,0,51,51,0,0,10,6.847736456673159e-14,1.12.6,lbt,1,1,Intel(R) Core(TM) 7 150U,NT,2abc7cc
degen-r5-m20-d0.01-p0,500,AGD-SDAJ,1e-7*n,1.0e-11,11,119,27.2804129,27.0475567,99.14643447350461,0.0,0.0038729,0.0,0.0,0.0,0.0,0.2289833000000005,0.4189207401953635,6.573164832587464e-11,-7.257523572487598e-14,3.3284486278262193e-12,3.3284486278262193e-12,8.174735675100537e-12,3.3284486278262193e-12,NaN,diag_feasible,0,0,54,50,4,0,11,6.847736456673159e-14,1.12.6,lbt,1,1,Intel(R) Core(TM) 7 150U,NT,2abc7cc
degen-r5-m20-d0.01-p0,500,Dykstra-APM,1e-7*n,4.9999999999999996e-5,800,800,190.4592595,168.9729991,88.71871052297146,0.0,0.0,0.0,0.0,15.534234,0.0,5.952026399999992,0.4189048247751179,3.1398437309595654e-5,-8.507236396525151e-14,1.6282541559498043e-7,1.6282541559498043e-7,3.1341914046720873e-6,1.6282541559498043e-7,NaN,max_iter,0,0,0,0,0,0,800,6.847736456673159e-14,1.12.6,lbt,1,1,Intel(R) Core(TM) 7 150U,NT,2abc7cc
degen-r5-m20-d0.01-p0,500,Anderson-APM,1e-7*n,4.9999999999999996e-5,250,250,62.5648695,46.6713578,74.59674762048374,0.0,0.0,0.0,0.0,0.0,12.8158741,3.0776375999999974,0.4189207402551577,8.54378849663505e-11,-8.514629424801651e-14,3.3327784976222574e-12,3.3327784976222574e-12,9.93052678335486e-12,3.3327784976222574e-12,NaN,diag_feasible,0,0,0,0,0,0,250,6.847736456673159e-14,1.12.6,lbt,1,1,Intel(R) Core(TM) 7 150U,NT,2abc7cc
degen-r5-m20-d0-p0,500,SBB-Dual,1e-7*n,1.0e-11,762,763,171.8319427,168.9514739,98.32367093408877,0.0167012,0.0244512,0.0068763,0.0,0.0,0.0,2.832440100000017,0.4533105911802406,3.4056170010697994e-11,-7.917151214679599e-14,7.72937269744034e-13,0.0,9.832367429036999e-12,7.72937269744034e-13,100.0,diag_feasible,0,0,0,0,0,0,762,9.299116978275221e-14,1.12.6,lbt,1,1,Intel(R) Core(TM) 7 150U,NT,2abc7cc
degen-r5-m20-d0-p0,500,Newton-SIN-BH,1e-7*n,4.9999999999999996e-5,5,6,1.8046259,1.1481911,63.624882032337005,0.0,0.0001663,0.0,0.6473822,0.0,0.0,0.008886300000000014,0.45331059117733374,2.6007957323445335e-11,-7.840426264719169e-14,4.7837289685048745e-12,4.7837289685048745e-12,4.996241761545265e-12,4.7837289685048745e-12,NaN,converged,58,58,0,0,0,0,5,9.299116978275221e-14,1.12.6,lbt,1,1,Intel(R) Core(TM) 7 150U,NT,2abc7cc
degen-r5-m20-d0-p0,500,Newton-SIN,1e-7*n,4.9999999999999996e-5,8,31,8.1927228,6.716730800000001,81.98410911693485,0.0,0.0008325,0.0,1.4339809,0.0,0.0,0.04117859999999984,0.45331059117831135,1.8068202962887283e-11,-7.188091908545999e-14,3.3233416019129436e-12,3.3233416019129436e-12,3.469502769965566e-12,3.3233416019129436e-12,NaN,converged,118,118,14,0,0,0,8,9.299116978275221e-14,1.12.6,lbt,1,1,Intel(R) Core(TM) 7 150U,NT,2abc7cc
degen-r5-m20-d0-p0,500,AGD-SDAJ-BH,1e-7*n,1.0e-11,18,161,34.616304,34.3537478,99.24152445622155,0.0,0.0046479,0.0,0.0,0.0,0.0,0.2579082999999988,0.453310591165074,2.0647159602122012e-11,-7.148720863543685e-14,1.8174350913113813e-12,1.8174350913113813e-12,4.8712899939549996e-12,1.8174350913113813e-12,NaN,diag_feasible,0,0,54,54,0,0,18,9.299116978275221e-14,1.12.6,lbt,1,1,Intel(R) Core(TM) 7 150U,NT,2abc7cc
degen-r5-m20-d0-p0,500,AGD-SDAJ,1e-7*n,1.0e-11,16,181,38.5495893,37.73304,97.88182101333048,0.0,0.00533,0.0,0.0,0.0,0.0,0.8112192999999984,0.45331059116618405,2.5905109620507787e-11,-6.385944558585084e-14,2.346789429452656e-12,2.346789429452656e-12,7.0930954244548685e-12,2.346789429452656e-12,NaN,diag_feasible,0,0,84,43,41,0,16,9.299116978275221e-14,1.12.6,lbt,1,1,Intel(R) Core(TM) 7 150U,NT,2abc7cc
degen-r5-m20-d0-p0,500,Dykstra-APM,1e-7*n,4.9999999999999996e-5,800,800,207.7437534,181.5033208,87.36884639343384,0.0,0.0,0.0,0.0,17.5135111,0.0,8.726921499999992,0.4533096652210829,1.9592864487938774e-6,-8.721680662532647e-14,1.7961675480293593e-8,1.7961675480293593e-8,2.296515320530811e-7,1.7961675480293593e-8,NaN,max_iter,0,0,0,0,0,0,800,9.299116978275221e-14,1.12.6,lbt,1,1,Intel(R) Core(TM) 7 150U,NT,2abc7cc
degen-r5-m20-d0-p0,500,Anderson-APM,1e-7*n,4.9999999999999996e-5,195,195,54.2658201,41.25659,76.02684327625228,0.0,0.0,0.0,0.0,0.0,10.8048117,2.2044183999999962,0.453310591209612,7.771711135449156e-11,-8.960406614221343e-14,3.680611371237319e-12,3.680611371237319e-12,9.796924362647018e-12,3.680611371237319e-12,NaN,diag_feasible,0,0,0,0,0,0,195,9.299116978275221e-14,1.12.6,lbt,1,1,Intel(R) Core(TM) 7 150U,NT,2abc7cc
degen-r20-m1-d0.01-p0,500,SBB-Dual,1e-7*n,1.0e-11,277,278,54.8974802,53.9342507,98.24540307407408,0.0057193,0.0088824,0.0097577,0.0,0.0,0.0,0.9388700999999972,0.4458559006555488,1.0164678031225722e-11,-3.026050298322466e-14,5.486722187697524e-13,0.0,9.825187541995416e-12,5.486722187697524e-13,100.0,diag_feasible,0,0,0,0,0,0,277,4.431848450175428e-14,1.12.6,lbt,1,1,Intel(R) Core(TM) 7 150U,NT,2abc7cc
degen-r20-m1-d0.01-p0,500,Newton-SIN-BH,1e-7*n,4.9999999999999996e-5,3,4,0.9267877,0.7786867,84.01996487437198,0.0,9.62e-5,0.0,0.1410082,0.0,0.0,0.006996600000000047,0.44585590065517905,7.716295071515534e-12,-2.7871979698039945e-14,1.8069989948799048e-12,1.8069989948799048e-12,2.1388075809905245e-12,1.8069989948799048e-12,NaN,converged,14,14,0,0,0,0,3,4.431848450175428e-14,1.12.6,lbt,1,1,Intel(R) Core(TM) 7 150U,NT,2abc7cc
degen-r20-m1-d0.01-p0,500,Newton-SIN,1e-7*n,4.9999999999999996e-5,3,7,1.6107771,1.4609252,90.69691889709631,0.0,8.13e-5,0.0,0.1433779,0.0,0.0,0.006392700000000029,0.44585590065517905,7.716295071515534e-12,-2.7871979698039945e-14,1.8069989948799048e-12,1.8069989948799048e-12,2.1388075809905245e-12,1.8069989948799048e-12,NaN,converged,14,14,0,0,0,0,3,4.431848450175428e-14,1.12.6,lbt,1,1,Intel(R) Core(TM) 7 150U,NT,2abc7cc
degen-r20-m1-d0.01-p0,500,AGD-SDAJ-BH,1e-7*n,1.0e-11,10,88,18.3547234,17.7971281,96.96211548467136,0.0,0.0027516,0.0,0.0,0.0,0.0,0.5548437000000027,0.44585590067384295,2.000428655924997e-11,-2.5949054128524253e-14,1.3558043576722412e-12,1.3558043576722412e-12,4.190595354162395e-12,1.3558043576722412e-12,NaN,diag_feasible_at_xpre,0,0,31,31,0,0,10,4.431848450175428e-14,1.12.6,lbt,1,1,Intel(R) Core(TM) 7 150U,NT,2abc7cc
degen-r20-m1-d0.01-p0,500,AGD-SDAJ,1e-7*n,1.0e-11,10,88,18.3572855,17.6637609,96.22207433664417,0.0,0.0026939,0.0,0.0,0.0,0.0,0.6908306999999999,0.44585590067384295,2.000428655924997e-11,-2.5949054128524253e-14,1.3558043576722412e-12,1.3558043576722412e-12,4.190595354162395e-12,1.3558043576722412e-12,NaN,diag_feasible_at_xpre,0,0,31,31,0,0,10,4.431848450175428e-14,1.12.6,lbt,1,1,Intel(R) Core(TM) 7 150U,NT,2abc7cc
degen-r20-m1-d0.01-p0,500,Dykstra-APM,1e-7*n,4.9999999999999996e-5,563,563,133.3634081,117.54568,88.13937921551963,0.0,0.0,0.0,0.0,10.6276593,0.0,5.190068799999983,0.4458559006088159,4.8760274834557356e-11,-2.4720612460255668e-14,5.444533712761768e-13,5.444533712761768e-13,9.747546124065958e-12,5.444533712761768e-13,NaN,diag_feasible,0,0,0,0,0,0,563,4.431848450175428e-14,1.12.6,lbt,1,1,Intel(R) Core(TM) 7 150U,NT,2abc7cc
degen-r20-m1-d0.01-p0,500,Anderson-APM,1e-7*n,4.9999999999999996e-5,115,115,30.2335012,23.0531926,76.25048930819828,0.0,0.0,0.0,0.0,0.0,5.9893248,1.1909837999999997,0.4458559006794649,3.8469494218477305e-11,-2.7294753282680987e-14,2.662869924563438e-12,2.662869924563438e-12,9.51906839966644e-12,2.662869924563438e-12,NaN,diag_feasible,0,0,0,0,0,0,115,4.431848450175428e-14,1.12.6,lbt,1,1,Intel(R) Core(TM) 7 150U,NT,2abc7cc
degen-r20-m1-d0-p0,500,SBB-Dual,1e-7*n,1.0e-11,273,274,50.8339135,49.0710839,96.5321780704529,0.0051458,0.0069456,0.0078182,0.0,0.0,0.0,1.7429200000000034,0.4477426015545422,1.0912854477693206e-11,-2.711182633019901e-14,5.311306949806749e-13,0.0,9.339051582120498e-12,5.311306949806749e-13,100.0,diag_feasible,0,0,0,0,0,0,273,5.968148415041206e-14,1.12.6,lbt,1,1,Intel(R) Core(TM) 7 150U,NT,2abc7cc
degen-r20-m1-d0-p0,500,Newton-SIN-BH,1e-7*n,4.9999999999999996e-5,4,5,1.3436833,1.0389415,77.32041471379453,0.0,0.0001014,0.0,0.2962604,0.0,0.0,0.008379999999999999,0.4477426015546103,9.430500899577856e-13,-2.788335335293872e-14,1.554312234475219e-14,1.554312234475219e-14,8.922892217814051e-14,1.554312234475219e-14,NaN,converged,24,24,0,0,0,0,4,5.968148415041206e-14,1.12.6,lbt,1,1,Intel(R) Core(TM) 7 150U,NT,2abc7cc
degen-r20-m1-d0-p0,500,Newton-SIN,1e-7*n,4.9999999999999996e-5,4,9,2.2496293,1.9763702,87.85314985006642,0.0,0.0001428,0.0,0.2653163,0.0,0.0,0.007799999999999974,0.4477426015546103,9.430500899577856e-13,-2.788335335293872e-14,1.554312234475219e-14,1.554312234475219e-14,8.922892217814051e-14,1.554312234475219e-14,NaN,converged,24,24,0,0,0,0,4,5.968148415041206e-14,1.12.6,lbt,1,1,Intel(R) Core(TM) 7 150U,NT,2abc7cc
degen-r20-m1-d0-p0,500,AGD-SDAJ-BH,1e-7*n,1.0e-11,11,114,24.0856726,23.829371199999997,98.93587609423868,0.0,0.0036285,0.0,0.0,0.0,0.0,0.2526729000000017,0.44774260157580575,2.3873619535249332e-11,-2.365020699102093e-14,1.6168177907616155e-12,1.6168177907616155e-12,5.101839408217121e-12,1.6168177907616155e-12,NaN,diag_feasible,0,0,47,47,0,0,11,5.968148415041206e-14,1.12.6,lbt,1,1,Intel(R) Core(TM) 7 150U,NT,2abc7cc
degen-r20-m1-d0-p0,500,AGD-SDAJ,1e-7*n,1.0e-11,11,145,31.8967558,31.544573200000002,98.89586702105925,0.0,0.0045594,0.0,0.0,0.0,0.0,0.347623199999999,0.4477426015633199,1.1105084056085167e-11,-2.6972428961994848e-14,5.726530361016557e-13,5.726530361016557e-13,2.5230531845096428e-12,5.726530361016557e-13,NaN,diag_feasible,0,0,78,56,22,0,11,5.968148415041206e-14,1.12.6,lbt,1,1,Intel(R) Core(TM) 7 150U,NT,2abc7cc
degen-r20-m1-d0-p0,500,Dykstra-APM,1e-7*n,4.9999999999999996e-5,554,554,139.4982355,121.833125,87.3366781761193,0.0,0.0,0.0,0.0,8.7067456,0.0,8.958364899999998,0.4477426015085532,4.8037055739371606e-11,-2.7525286982031743e-14,5.522249324485529e-13,5.522249324485529e-13,9.681707945080695e-12,5.522249324485529e-13,NaN,diag_feasible,0,0,0,0,0,0,554,5.968148415041206e-14,1.12.6,lbt,1,1,Intel(R) Core(TM) 7 150U,NT,2abc7cc
degen-r20-m1-d0-p0,500,Anderson-APM,1e-7*n,4.9999999999999996e-5,99,99,26.9247606,20.7109491,76.9215719600493,0.0,0.0,0.0,0.0,0.0,5.5182689,0.6955425999999987,0.4477426015313331,3.921177616726284e-11,-2.6440525805013333e-14,2.1509460879087783e-12,2.1509460879087783e-12,9.756811255360045e-12,2.1509460879087783e-12,NaN,diag_feasible,0,0,0,0,0,0,99,5.968148415041206e-14,1.12.6,lbt,1,1,Intel(R) Core(TM) 7 150U,NT,2abc7cc
degen-r20-m5-d0.01-p0,500,SBB-Dual,1e-7*n,1.0e-11,276,277,62.3905155,60.4828179,96.9423275561812,0.0069309,0.0133483,0.0092595,0.0,0.0,0.0,1.8781588999999987,0.47152044622961903,1.006393869836915e-11,-2.806990694907427e-14,5.411227022023013e-13,0.0,9.688624676294275e-12,5.411227022023013e-13,100.0,diag_feasible,0,0,0,0,0,0,276,5.87571310386508e-14,1.12.6,lbt,1,1,Intel(R) Core(TM) 7 150U,NT,2abc7cc
degen-r20-m5-d0.01-p0,500,Newton-SIN-BH,1e-7*n,4.9999999999999996e-5,4,5,1.2947821,0.9638255,74.43920486698109,0.0,0.0001274,0.0,0.3217396,0.0,0.0,0.00908959999999992,0.47152044622955536,8.186737551701872e-13,-2.6243663851853137e-14,9.103828801926284e-15,9.103828801926284e-15,5.586628580678533e-14,9.103828801926284e-15,NaN,converged,24,24,0,0,0,0,4,5.87571310386508e-14,1.12.6,lbt,1,1,Intel(R) Core(TM) 7 150U,NT,2abc7cc
degen-r20-m5-d0.01-p0,500,Newton-SIN,1e-7*n,4.9999999999999996e-5,6,30,8.175043,6.9018666,84.4260586763886,0.0,0.000653,0.0,0.7159154,0.0,0.0,0.5566080000000005,0.4715204462296408,1.580924388736457e-12,-2.36645570482985e-14,2.3203661214665772e-14,2.3203661214665772e-14,1.0555307832074663e-13,2.3203661214665772e-14,NaN,converged,46,46,17,0,0,0,6,5.87571310386508e-14,1.12.6,lbt,1,1,Intel(R) Core(TM) 7 150U,NT,2abc7cc
degen-r20-m5-d0.01-p0,500,AGD-SDAJ-BH,1e-7*n,1.0e-11,13,118,28.8138139,28.2073955,97.89539003026601,0.0,0.0075376,0.0,0.0,0.0,0.0,0.598880799999999,0.47152044621977884,1.7625794432874126e-11,-2.7497043645495447e-14,2.5064395003937534e-12,2.5064395003937534e-12,4.711792363226696e-12,2.5064395003937534e-12,NaN,diag_feasible,0,0,41,41,0,0,13,5.87571310386508e-14,1.12.6,lbt,1,1,Intel(R) Core(TM) 7 150U,NT,2abc7cc
degen-r20-m5-d0.01-p0,500,AGD-SDAJ,1e-7*n,1.0e-11,11,117,28.8101158,28.5377328,99.05455777446059,0.0,0.0035128,0.0,0.0,0.0,0.0,0.26887019999999784,0.4715204462163426,1.7346221766549156e-11,-3.026174108723472e-14,1.6837642391465124e-12,1.6837642391465124e-12,4.030186113706591e-12,1.6837642391465124e-12,NaN,diag_feasible,0,0,54,37,17,0,11,5.87571310386508e-14,1.12.6,lbt,1,1,Intel(R) Core(TM) 7 150U,NT,2abc7cc
degen-r20-m5-d0.01-p0,500,Dykstra-APM,1e-7*n,4.9999999999999996e-5,561,561,151.1023004,130.6790227,86.48380756220439,0.0,0.0,0.0,0.0,12.5331029,0.0,7.8901748000000005,0.4715204461863287,4.8263172321562475e-11,-2.6123476291923745e-14,5.433431482515516e-13,5.433431482515516e-13,9.621707027895516e-12,5.433431482515516e-13,NaN,diag_feasible,0,0,0,0,0,0,561,5.87571310386508e-14,1.12.6,lbt,1,1,Intel(R) Core(TM) 7 150U,NT,2abc7cc
degen-r20-m5-d0.01-p0,500,Anderson-APM,1e-7*n,4.9999999999999996e-5,50,50,13.0873848,9.8094042,74.95312738110978,0.0,0.0,0.0,0.0,0.0,2.5470842,0.7308964000000011,0.4715204462502167,3.4256894944481974e-11,-2.7500448455047816e-14,2.7498003873915877e-12,2.7498003873915877e-12,8.570148101144142e-12,2.7498003873915877e-12,NaN,diag_feasible,0,0,0,0,0,0,50,5.87571310386508e-14,1.12.6,lbt,1,1,Intel(R) Core(TM) 7 150U,NT,2abc7cc
degen-r20-m5-d0-p0,500,SBB-Dual,1e-7*n,1.0e-11,262,263,61.5469892,60.4631106,98.23894131282705,0.0077,0.0098622,0.0100011,0.0,0.0,0.0,1.0563152999999985,0.47947407769318473,1.3501815319354708e-11,-2.5075236641992197e-14,5.906386491005833e-13,0.0,9.933640759476502e-12,5.906386491005833e-13,100.0,diag_feasible,0,0,0,0,0,0,262,8.160781171439381e-14,1.12.6,lbt,1,1,Intel(R) Core(TM) 7 150U,NT,2abc7cc
degen-r20-m5-d0-p0,500,Newton-SIN-BH,1e-7*n,4.9999999999999996e-5,4,5,1.5765708,1.1443299,72.5834767458588,0.0,0.0001173,0.0,0.4209209,0.0,0.0,0.011202700000000065,0.47947407769314093,8.067223729103194e-13,-2.674673275987835e-14,3.752553823233029e-14,3.752553823233029e-14,5.018944890901293e-14,3.752553823233029e-14,NaN,converged,28,28,0,0,0,0,4,8.160781171439381e-14,1.12.6,lbt,1,1,Intel(R) Core(TM) 7 150U,NT,2abc7cc
degen-r20-m5-d0-p0,500,Newton-SIN,1e-7*n,4.9999999999999996e-5,7,20,5.9648819,4.3993573999999995,73.75430853040024,0.0,0.0003806,0.0,1.5249992,0.0,0.0,0.040144700000000366,0.4794740776932159,1.0101282858677494e-12,-2.714378593954189e-14,1.1102230246251565e-14,1.1102230246251565e-14,7.005674432657502e-14,1.1102230246251565e-14,NaN,converged,64,64,5,0,0,0,7,8.160781171439381e-14,1.12.6,lbt,1,1,Intel(R) Core(TM) 7 150U,NT,2abc7cc
degen-r20-m5-d0-p0,500,AGD-SDAJ-BH,1e-7*n,1.0e-11,13,118,28.9617332,28.708845800000002,99.12682228562205,0.0,0.0051239,0.0,0.0,0.0,0.0,0.24776349999999878,0.47947407768114864,1.8705741532349874e-11,-2.6252506475347108e-14,1.9730883593638282e-12,1.9730883593638282e-12,4.561848494650187e-12,1.9730883593638282e-12,NaN,diag_feasible,0,0,39,39,0,0,13,8.160781171439381e-14,1.12.6,lbt,1,1,Intel(R) Core(TM) 7 150U,NT,2abc7cc
degen-r20-m5-d0-p0,500,AGD-SDAJ,1e-7*n,1.0e-11,12,125,31.0949327,30.8295198,99.1464432402518,0.0,0.0042929,0.0,0.0,0.0,0.0,0.2611200000000012,0.47947407766997646,2.6970782001066624e-11,-2.543293159778041e-14,2.212008354263162e-12,2.212008354263162e-12,6.7597045997302585e-12,2.212008354263162e-12,NaN,diag_feasible,0,0,52,37,15,0,12,8.160781171439381e-14,1.12.6,lbt,1,1,Intel(R) Core(TM) 7 150U,NT,2abc7cc
degen-r20-m5-d0-p0,500,Dykstra-APM,1e-7*n,4.9999999999999996e-5,533,533,145.891694,126.2169619,86.51415199826249,0.0,0.0,0.0,0.0,13.4119948,0.0,6.2627372999999995,0.4794740776499558,4.8483107711901666e-11,-2.2670331932061336e-14,5.875300246316328e-13,5.875300246316328e-13,9.91638066853931e-12,5.875300246316328e-13,NaN,diag_feasible,0,0,0,0,0,0,533,8.160781171439381e-14,1.12.6,lbt,1,1,Intel(R) Core(TM) 7 150U,NT,2abc7cc
degen-r20-m5-d0-p0,500,Anderson-APM,1e-7*n,4.9999999999999996e-5,95,95,27.3699569,21.1775202,77.37505863591623,0.0,0.0,0.0,0.0,0.0,5.4246197,0.7678169999999982,0.47947407772987083,4.511940852615205e-11,-2.853315666973682e-14,1.0551559626037488e-12,1.0551559626037488e-12,9.632360727677525e-12,1.0551559626037488e-12,NaN,diag_feasible,0,0,0,0,0,0,95,8.160781171439381e-14,1.12.6,lbt,1,1,Intel(R) Core(TM) 7 150U,NT,2abc7cc
degen-r20-m20-d0.01-p0,500,SBB-Dual,1e-7*n,1.0e-11,272,273,64.4025945,63.7196004,98.93949288021307,0.0072501,0.0086184,0.0091305,0.0,0.0,0.0,0.6579951000000089,0.5539225410737658,9.736934337986456e-12,-3.1114365694554297e-14,5.253575352526241e-13,0.0,9.36794354058063e-12,5.253575352526241e-13,100.0,diag_feasible,0,0,0,0,0,0,272,4.5982135304596946e-14,1.12.6,lbt,1,1,Intel(R) Core(TM) 7 150U,NT,2abc7cc
degen-r20-m20-d0.01-p0,500,Newton-SIN-BH,1e-7*n,4.9999999999999996e-5,4,5,1.4957229,1.1476929,76.7316526343215,0.0,0.0001494,0.0,0.3373889,0.0,0.0,0.010491700000000048,0.5539225410737558,2.0205693944531063e-12,-2.9996225023284715e-14,1.84297022087776e-14,1.84297022087776e-14,1.0698259075691034e-13,1.84297022087776e-14,NaN,converged,23,23,0,0,0,0,4,4.5982135304596946e-14,1.12.6,lbt,1,1,Intel(R) Core(TM) 7 150U,NT,2abc7cc
degen-r20-m20-d0.01-p0,500,Newton-SIN,1e-7*n,4.9999999999999996e-5,4,9,2.2613268,1.9109733,84.50672852769445,0.0,0.0001579,0.0,0.3358757,0.0,0.0,0.014319899999999997,0.5539225410737558,2.0205693944531063e-12,-2.9996225023284715e-14,1.84297022087776e-14,1.84297022087776e-14,1.0698259075691034e-13,1.84297022087776e-14,NaN,converged,23,23,0,0,0,0,4,4.5982135304596946e-14,1.12.6,lbt,1,1,Intel(R) Core(TM) 7 150U,NT,2abc7cc
degen-r20-m20-d0.01-p0,500,AGD-SDAJ-BH,1e-7*n,1.0e-11,12,104,25.2362826,25.0032669,99.07666392989275,0.0,0.0037165,0.0,0.0,0.0,0.0,0.22929919999999926,0.5539225410600239,2.1483879501196898e-11,-2.5805787632068373e-14,1.0931255900459291e-12,1.0931255900459291e-12,4.868964076684074e-12,1.0931255900459291e-12,NaN,diag_feasible_at_xpre,0,0,35,35,0,0,12,4.5982135304596946e-14,1.12.6,lbt,1,1,Intel(R) Core(TM) 7 150U,NT,2abc7cc
degen-r20-m20-d0.01-p0,500,AGD-SDAJ,1e-7*n,1.0e-11,10,110,26.4413607,26.1853299,99.03170338733739,0.0,0.003463,0.0,0.0,0.0,0.0,0.25256780000000134,0.5539225410606605,1.987551841740393e-11,-2.5986885699739026e-14,1.159849993825901e-12,1.159849993825901e-12,4.396300253252478e-12,1.159849993825901e-12,NaN,diag_feasible,0,0,49,31,18,0,10,4.5982135304596946e-14,1.12.6,lbt,1,1,Intel(R) Core(TM) 7 150U,NT,2abc7cc
degen-r20-m20-d0.01-p0,500,Dykstra-APM,1e-7*n,4.9999999999999996e-5,552,552,150.6975356,131.8895819,87.51940194302685,0.0,0.0,0.0,0.0,12.3422293,0.0,6.465724400000013,0.5539225410374417,4.896084019707178e-11,-2.861435320202389e-14,5.442313266712517e-13,5.442313266712517e-13,9.76145729338666e-12,5.442313266712517e-13,NaN,diag_feasible,0,0,0,0,0,0,552,4.5982135304596946e-14,1.12.6,lbt,1,1,Intel(R) Core(TM) 7 150U,NT,2abc7cc
degen-r20-m20-d0.01-p0,500,Anderson-APM,1e-7*n,4.9999999999999996e-5,84,84,25.3612939,19.4395992,76.65066016209843,0.0,0.0,0.0,0.0,0.0,5.1298347,0.7918599999999998,0.5539225410477634,4.1740242481863106e-11,-2.6657402143748882e-14,2.2459811788166917e-12,2.2459811788166917e-12,9.23248694284964e-12,2.2459811788166917e-12,NaN,diag_feasible,0,0,0,0,0,0,84,4.5982135304596946e-14,1.12.6,lbt,1,1,Intel(R) Core(TM) 7 150U,NT,2abc7cc
degen-r20-m20-d0-p0,500,SBB-Dual,1e-7*n,1.0e-11,220,221,54.0302043,53.101083,98.2803668576911,0.0064165,0.0074208,0.4669229,0.0,0.0,0.0,0.44836109999999846,0.5792623695882013,1.9615504089884895e-11,-1.913359651224571e-14,6.894484982922222e-13,0.0,9.860008483268379e-12,6.894484982922222e-13,100.0,diag_feasible,0,0,0,0,0,0,220,9.669781237027963e-14,1.12.6,lbt,1,1,Intel(R) Core(TM) 7 150U,NT,2abc7cc
degen-r20-m20-d0-p0,500,Newton-SIN-BH,1e-7*n,4.9999999999999996e-5,5,6,2.1761769,1.3925370000000001,63.99006441066441,0.0,0.0001937,0.0,0.7711579,0.0,0.0,0.01228830000000014,0.5792623695883415,1.4302972078563095e-12,-2.7273167708237264e-14,4.596323321948148e-14,4.596323321948148e-14,9.833386409273288e-14,4.596323321948148e-14,NaN,converged,50,50,0,0,0,0,5,9.669781237027963e-14,1.12.6,lbt,1,1,Intel(R) Core(TM) 7 150U,NT,2abc7cc
degen-r20-m20-d0-p0,500,Newton-SIN,1e-7*n,4.9999999999999996e-5,5,11,3.3417819,2.517878,75.3453718807921,0.0,0.0002204,0.0,0.8104057,0.0,0.0,0.013277799999999895,0.5792623695883415,1.4302972078563095e-12,-2.7273167708237264e-14,4.596323321948148e-14,4.596323321948148e-14,9.833386409273288e-14,4.596323321948148e-14,NaN,converged,50,50,0,0,0,0,5,9.669781237027963e-14,1.12.6,lbt,1,1,Intel(R) Core(TM) 7 150U,NT,2abc7cc
degen-r20-m20-d0-p0,500,AGD-SDAJ-BH,1e-7*n,1.0e-11,10,68,16.4088796,16.1378335,98.3481742409762,0.0,0.0020134,0.0,0.0,0.0,0.0,0.2690326999999995,0.5792623695751081,1.64484562132853e-11,-1.9394408621491267e-14,1.7525980666732721e-12,1.7525980666732721e-12,5.791304127030028e-12,1.7525980666732721e-12,NaN,diag_feasible_at_xpre,0,0,11,11,0,0,10,9.669781237027963e-14,1.12.6,lbt,1,1,Intel(R) Core(TM) 7 150U,NT,2abc7cc
degen-r20-m20-d0-p0,500,AGD-SDAJ,1e-7*n,1.0e-11,9,63,15.0121999,14.7250266,98.08706717261337,0.0,0.001698,0.0,0.0,0.0,0.0,0.285475300000001,0.5792623695671157,3.160529645813419e-11,-1.710640842847499e-14,3.204991827487902e-12,3.204991827487902e-12,7.386114975473999e-12,3.204991827487902e-12,NaN,diag_feasible_at_xpre,0,0,12,8,4,0,9,9.669781237027963e-14,1.12.6,lbt,1,1,Intel(R) Core(TM) 7 150U,NT,2abc7cc
degen-r20-m20-d0-p0,500,Dykstra-APM,1e-7*n,4.9999999999999996e-5,450,450,125.8232826,111.3809057,88.52169757332337,0.0,0.0,0.0,0.0,8.6621253,0.0,5.7802516,0.5792623695558238,4.339631560852336e-11,-1.94221442327582e-14,6.723510637129948e-13,6.723510637129948e-13,9.640356024821892e-12,6.723510637129948e-13,NaN,diag_feasible,0,0,0,0,0,0,450,9.669781237027963e-14,1.12.6,lbt,1,1,Intel(R) Core(TM) 7 150U,NT,2abc7cc
degen-r20-m20-d0-p0,500,Anderson-APM,1e-7*n,4.9999999999999996e-5,88,88,25.7915439,19.4503914,75.4138312751413,0.0,0.0,0.0,0.0,0.0,5.2269407,1.1142117999999996,0.5792623695858274,3.420003338003931e-11,-2.2553159946850337e-14,1.9684254226604025e-12,1.9684254226604025e-12,9.350818972667282e-12,1.9684254226604025e-12,NaN,diag_feasible,0,0,0,0,0,0,88,9.669781237027963e-14,1.12.6,lbt,1,1,Intel(R) Core(TM) 7 150U,NT,2abc7cc
degen-r50-m1-d0.01-p0,500,SBB-Dual,1e-7*n,1.0e-11,108,109,23.1141343,22.776705200000002,98.54016120344166,0.0027415,0.0039145,0.0076915,0.0,0.0,0.0,0.3230815999999978,0.6751749180128191,9.724066978742365e-12,-1.0973237516114362e-14,5.269118474870993e-13,0.0,9.437972914213992e-12,5.269118474870993e-13,100.0,diag_feasible,0,0,0,0,0,0,108,9.557118102757114e-14,1.12.6,lbt,1,1,Intel(R) Core(TM) 7 150U,NT,2abc7cc
degen-r50-m1-d0.01-p0,500,Newton-SIN-BH,1e-7*n,4.9999999999999996e-5,4,5,1.4234464,1.0283522,72.24383018566769,0.0,0.00012,0.0,0.3866632,0.0,0.0,0.008310999999999957,0.6751749180128206,2.6051502469641363e-12,-1.0461210268129414e-14,2.631228568361621e-14,2.631228568361621e-14,1.4327513087610304e-13,2.631228568361621e-14,NaN,converged,21,21,0,0,0,0,4,9.557118102757114e-14,1.12.6,lbt,1,1,Intel(R) Core(TM) 7 150U,NT,2abc7cc
degen-r50-m1-d0.01-p0,500,Newton-SIN,1e-7*n,4.9999999999999996e-5,8,31,8.0232386,6.1590302,76.76488893150952,0.0,0.0006518,0.0,1.8264544,0.0,0.0,0.03710220000000075,0.6751749180128491,2.474108450503016e-12,-1.0810177313452621e-14,1.4876988529977098e-14,1.4876988529977098e-14,9.713988332825728e-14,1.4876988529977098e-14,NaN,converged,62,62,14,0,0,0,8,9.557118102757114e-14,1.12.6,lbt,1,1,Intel(R) Core(TM) 7 150U,NT,2abc7cc
degen-r50-m1-d0.01-p0,500,AGD-SDAJ-BH,1e-7*n,1.0e-11,8,59,13.5686835,13.469226599999999,99.26701142376855,0.0,0.0018424,0.0,0.0,0.0,0.0,0.09761450000000163,0.6751749180042765,1.3267063841926966e-11,-9.683506536007066e-15,3.857136832152719e-12,3.857136832152719e-12,5.3425360691986776e-12,3.857136832152719e-12,NaN,diag_feasible,0,0,12,12,0,0,8,9.557118102757114e-14,1.12.6,lbt,1,1,Intel(R) Core(TM) 7 150U,NT,2abc7cc
degen-r50-m1-d0.01-p0,500,AGD-SDAJ,1e-7*n,1.0e-11,125,4018,858.5170228,837.0528456,97.49985421022919,0.0,0.1290756,0.0,0.0,0.0,0.0,21.335101599999994,0.6751749148556531,3.744061494478999e-9,-1.0192173224656518e-14,2.9097957376933437e-10,2.9097957376933437e-10,1.291519755840307e-9,2.9097957376933437e-10,NaN,evd_budget,0,0,3388,243,3145,0,125,9.557118102757114e-14,1.12.6,lbt,1,1,Intel(R) Core(TM) 7 150U,NT,2abc7cc
degen-r50-m1-d0.01-p0,500,Dykstra-APM,1e-7*n,4.9999999999999996e-5,227,227,55.7812072,48.4526113,86.86189082691635,0.0,0.0,0.0,0.0,5.1584623,0.0,2.170133599999996,0.6751749179838644,3.092184294260011e-11,-1.172595177501216e-14,5.437872374614017e-13,5.437872374614017e-13,9.755218695831431e-12,5.437872374614017e-13,NaN,diag_feasible,0,0,0,0,0,0,227,9.557118102757114e-14,1.12.6,lbt,1,1,Intel(R) Core(TM) 7 150U,NT,2abc7cc
degen-r50-m1-d0.01-p0,500,Anderson-APM,1e-7*n,4.9999999999999996e-5,53,53,14.5384506,10.8401898,74.56220816267725,0.0,0.0,0.0,0.0,0.0,2.9049173,0.7933434999999998,0.6751749180170042,2.0547018646757923e-11,-9.954375072188162e-15,3.2674973837742982e-12,3.2674973837742982e-12,8.426731475862812e-12,3.2674973837742982e-12,NaN,diag_feasible,0,0,0,0,0,0,53,9.557118102757114e-14,1.12.6,lbt,1,1,Intel(R) Core(TM) 7 150U,NT,2abc7cc
degen-r50-m1-d0-p0,500,SBB-Dual,1e-7*n,1.0e-11,107,108,25.9962451,25.682241700000002,98.79212017430935,0.0028074,0.0030464,0.0090179,0.0,0.0,0.0,0.2991316999999971,0.676378607698,8.986935199306615e-12,-1.01156372857099e-14,4.785061236134425e-13,0.0,8.395338837794745e-12,4.785061236134425e-13,100.0,diag_feasible,0,0,0,0,0,0,107,6.561098714269903e-14,1.12.6,lbt,1,1,Intel(R) Core(TM) 7 150U,NT,2abc7cc
degen-r50-m1-d0-p0,500,Newton-SIN-BH,1e-7*n,4.9999999999999996e-5,4,5,1.4888336,1.138201,76.4491747096519,0.0,0.0001766,0.0,0.3416392,0.0,0.0,0.008816799999999958,0.6763786076980003,2.675884794450804e-12,-1.0585955802772024e-14,2.6867397195928788e-14,2.6867397195928788e-14,1.4886819869035178e-13,2.6867397195928788e-14,NaN,converged,18,18,0,0,0,0,4,6.561098714269903e-14,1.12.6,lbt,1,1,Intel(R) Core(TM) 7 150U,NT,2abc7cc
degen-r50-m1-d0-p0,500,Newton-SIN,1e-7*n,4.9999999999999996e-5,4,9,2.364552,1.9741745,83.49042440174713,0.0,0.0001509,0.0,0.3747861,0.0,0.0,0.015440500000000246,0.6763786076980003,2.675884794450804e-12,-1.0585955802772024e-14,2.6867397195928788e-14,2.6867397195928788e-14,1.4886819869035178e-13,2.6867397195928788e-14,NaN,converged,18,18,0,0,0,0,4,6.561098714269903e-14,1.12.6,lbt,1,1,Intel(R) Core(TM) 7 150U,NT,2abc7cc
degen-r50-m1-d0-p0,500,AGD-SDAJ-BH,1e-7*n,1.0e-11,10,97,23.2043342,22.4667094,96.82117662311552,0.0,0.0032399,0.0,0.0,0.0,0.0,0.7343849000000026,0.676378607707448,1.3754496075291983e-11,-1.028479656729932e-14,3.743227949826178e-12,3.743227949826178e-12,5.3632213682651276e-12,3.743227949826178e-12,NaN,diag_feasible,0,0,38,38,0,0,10,6.561098714269903e-14,1.12.6,lbt,1,1,Intel(R) Core(TM) 7 150U,NT,2abc7cc
degen-r50-m1-d0-p0,500,AGD-SDAJ,1e-7*n,1.0e-11,10,115,26.3010287,26.030221599999997,98.97035548271158,0.0,0.0037081,0.0,0.0,0.0,0.0,0.26709900000000253,0.676378607713256,1.7788600112608414e-11,-1.0729910927562645e-14,2.764677375921565e-12,2.764677375921565e-12,6.075645095187963e-12,2.764677375921565e-12,NaN,diag_feasible,0,0,54,34,20,0,10,6.561098714269903e-14,1.12.6,lbt,1,1,Intel(R) Core(TM) 7 150U,NT,2abc7cc
degen-r50-m1-d0-p0,500,Dykstra-APM,1e-7*n,4.9999999999999996e-5,224,224,64.0097763,56.7153011,88.60412327358813,0.0,0.0,0.0,0.0,4.3743249,0.0,2.9201503000000004,0.6763786076691968,3.091805981411381e-11,-1.006050982945588e-14,5.608846720406291e-13,5.608846720406291e-13,9.74233493098009e-12,5.608846720406291e-13,NaN,diag_feasible,0,0,0,0,0,0,224,6.561098714269903e-14,1.12.6,lbt,1,1,Intel(R) Core(TM) 7 150U,NT,2abc7cc
degen-r50-m1-d0-p0,500,Anderson-APM,1e-7*n,4.9999999999999996e-5,42,42,11.894196,9.2302748,77.60318393946089,0.0,0.0,0.0,0.0,0.0,2.3492592,0.31466200000000066,0.676378607696998,2.188556093045914e-11,-9.894668337500571e-15,6.602718372050731e-12,6.602718372050731e-12,9.174311813445144e-12,6.602718372050731e-12,NaN,diag_feasible,0,0,0,0,0,0,42,6.561098714269903e-14,1.12.6,lbt,1,1,Intel(R) Core(TM) 7 150U,NT,2abc7cc
degen-r50-m5-d0.01-p0,500,SBB-Dual,1e-7*n,1.0e-11,108,109,25.317752,24.6121362,97.21296029758092,0.0036567,0.0035934,0.0045755,0.0,0.0,0.0,0.6937902000000005,0.6906409474672977,9.110263763996507e-12,-1.0494496409712728e-14,4.887201754399939e-13,0.0,8.752629063585187e-12,4.887201754399939e-13,100.0,diag_feasible,0,0,0,0,0,0,108,7.601517955731447e-14,1.12.6,lbt,1,1,Intel(R) Core(TM) 7 150U,NT,2abc7cc
degen-r50-m5-d0.01-p0,500,Newton-SIN-BH,1e-7*n,4.9999999999999996e-5,4,5,1.4645068,1.0337895000000001,70.58960053992239,0.0,0.0001151,0.0,0.4210007,0.0,0.0,0.009601499999999985,0.6906409474672746,1.9178086512378866e-12,-1.0671024707958812e-14,1.509903313490213e-14,1.509903313490213e-14,9.907812155569702e-14,1.509903313490213e-14,NaN,converged,23,23,0,0,0,0,4,7.601517955731447e-14,1.12.6,lbt,1,1,Intel(R) Core(TM) 7 150U,NT,2abc7cc
degen-r50-m5-d0.01-p0,500,Newton-SIN,1e-7*n,4.9999999999999996e-5,8,35,9.3368557,7.9574944,85.2267043176002,0.0,0.0007873,0.0,1.3306795,0.0,0.0,0.047894499999999285,0.690640947467331,1.9744047427691446e-12,-9.548061466057584e-15,1.6431300764452317e-14,1.6431300764452317e-14,1.173125447657007e-13,1.6431300764452317e-14,NaN,converged,67,67,18,0,0,0,8,7.601517955731447e-14,1.12.6,lbt,1,1,Intel(R) Core(TM) 7 150U,NT,2abc7cc
degen-r50-m5-d0.01-p0,500,AGD-SDAJ-BH,1e-7*n,1.0e-11,9,84,19.8805489,19.6970244,99.07686401958449,0.0,0.003866,0.0,0.0,0.0,0.0,0.17965850000000075,0.6906409474901057,2.653246490255054e-11,-1.1453573060367734e-14,2.3245849689601528e-12,2.3245849689601528e-12,8.750561581834467e-12,2.3245849689601528e-12,NaN,diag_feasible,0,0,29,29,0,0,9,7.601517955731447e-14,1.12.6,lbt,1,1,Intel(R) Core(TM) 7 150U,NT,2abc7cc
degen-r50-m5-d0.01-p0,500,AGD-SDAJ,1e-7*n,1.0e-11,10,101,23.9226932,23.687115300000002,99.01525343308754,0.0,0.0095894,0.0,0.0,0.0,0.0,0.22598849999999912,0.6906409474808289,2.309164625531862e-11,-1.0648489242325822e-14,7.44737604918555e-12,7.44737604918555e-12,9.516749049154226e-12,7.44737604918555e-12,NaN,diag_feasible,0,0,40,34,6,0,10,7.601517955731447e-14,1.12.6,lbt,1,1,Intel(R) Core(TM) 7 150U,NT,2abc7cc
degen-r50-m5-d0.01-p0,500,Dykstra-APM,1e-7*n,4.9999999999999996e-5,227,227,60.6137476,53.3106163,87.9513615488774,0.0,0.0,0.0,0.0,3.8441426,0.0,3.458988700000004,0.6906409474411429,2.8940265223535463e-11,-1.0450762190804464e-14,5.073719222536965e-13,5.073719222536965e-13,9.088435858179428e-12,5.073719222536965e-13,NaN,diag_feasible,0,0,0,0,0,0,227,7.601517955731447e-14,1.12.6,lbt,1,1,Intel(R) Core(TM) 7 150U,NT,2abc7cc
degen-r50-m5-d0.01-p0,500,Anderson-APM,1e-7*n,4.9999999999999996e-5,35,35,10.6091635,8.3380948,78.59332924787144,0.0,0.0,0.0,0.0,0.0,1.9683576,0.3027110999999989,0.6906409474489915,2.3587381433837267e-11,-1.0967636749767834e-14,1.8219870057123444e-12,1.8219870057123444e-12,8.361614148003372e-12,1.8219870057123444e-12,NaN,diag_feasible,0,0,0,0,0,0,35,7.601517955731447e-14,1.12.6,lbt,1,1,Intel(R) Core(TM) 7 150U,NT,2abc7cc
degen-r50-m5-d0-p0,500,SBB-Dual,1e-7*n,1.0e-11,103,104,23.3087412,23.0487107,98.88440779461742,0.0022935,0.0034219,0.0099229,0.0,0.0,0.0,0.24439219999999917,0.6960204538774423,1.0288504825729104e-11,-9.767913054676305e-15,5.220268661787486e-13,0.0,8.785227447375284e-12,5.220268661787486e-13,100.0,diag_feasible,0,0,0,0,0,0,103,9.759757112431522e-14,1.12.6,lbt,1,1,Intel(R) Core(TM) 7 150U,NT,2abc7cc
degen-r50-m5-d0-p0,500,Newton-SIN-BH,1e-7*n,4.9999999999999996e-5,4,5,1.5033603,1.0419251,69.30641310669172,0.0,0.0001374,0.0,0.4534822,0.0,0.0,0.007815599999999923,0.6960204538774323,2.926811900067022e-12,-1.188369885690334e-14,4.2299497238218464e-14,4.2299497238218464e-14,2.1796282289017682e-13,4.2299497238218464e-14,NaN,converged,24,24,0,0,0,0,4,9.759757112431522e-14,1.12.6,lbt,1,1,Intel(R) Core(TM) 7 150U,NT,2abc7cc
degen-r50-m5-d0-p0,500,Newton-SIN,1e-7*n,4.9999999999999996e-5,4,9,2.2697892,1.8499862,81.50475823922328,0.0,0.0001253,0.0,0.4110342,0.0,0.0,0.008643499999999915,0.6960204538774323,2.926811900067022e-12,-1.188369885690334e-14,4.2299497238218464e-14,4.2299497238218464e-14,2.1796282289017682e-13,4.2299497238218464e-14,NaN,converged,24,24,0,0,0,0,4,9.759757112431522e-14,1.12.6,lbt,1,1,Intel(R) Core(TM) 7 150U,NT,2abc7cc
degen-r50-m5-d0-p0,500,AGD-SDAJ-BH,1e-7*n,1.0e-11,11,90,19.8833815,19.2787084,96.95890208614668,0.0,0.0024653,0.0,0.0,0.0,0.0,0.6022077999999994,0.6960204538913473,1.6728235705740284e-11,-1.3139971733986364e-14,2.283950806258872e-12,2.283950806258872e-12,5.626366960024332e-12,2.283950806258872e-12,NaN,diag_feasible_at_xpre,0,0,27,27,0,0,11,9.759757112431522e-14,1.12.6,lbt,1,1,Intel(R) Core(TM) 7 150U,NT,2abc7cc
degen-r50-m5-d0-p0,500,AGD-SDAJ,1e-7*n,1.0e-11,10,107,24.3334468,23.2186985,95.41886396463981,0.0,0.0034727,0.0,0.0,0.0,0.0,1.1112756000000021,0.6960204538664118,1.4315088594603721e-11,-9.176771957136945e-15,2.7424729154290617e-12,2.7424729154290617e-12,5.37478152142409e-12,2.7424729154290617e-12,NaN,diag_feasible,0,0,46,28,18,0,10,9.759757112431522e-14,1.12.6,lbt,1,1,Intel(R) Core(TM) 7 150U,NT,2abc7cc
degen-r50-m5-d0-p0,500,Dykstra-APM,1e-7*n,4.9999999999999996e-5,217,217,57.228473,50.1937867,87.7077162272004,0.0,0.0,0.0,0.0,3.9909475,0.0,3.0437388000000043,0.6960204538513135,2.8652764161692072e-11,-9.588598525249483e-15,5.526690216584029e-13,5.526690216584029e-13,9.237399668228663e-12,5.526690216584029e-13,NaN,diag_feasible,0,0,0,0,0,0,217,9.759757112431522e-14,1.12.6,lbt,1,1,Intel(R) Core(TM) 7 150U,NT,2abc7cc
degen-r50-m5-d0-p0,500,Anderson-APM,1e-7*n,4.9999999999999996e-5,42,42,11.2638181,8.5852909,76.22007763069256,0.0,0.0,0.0,0.0,0.0,2.3189282,0.35959899999999934,0.6960204538773934,1.1622206660751303e-11,-1.1327353223810093e-14,2.567945855957987e-12,2.567945855957987e-12,4.842852380911932e-12,2.567945855957987e-12,NaN,diag_feasible,0,0,0,0,0,0,42,9.759757112431522e-14,1.12.6,lbt,1,1,Intel(R) Core(TM) 7 150U,NT,2abc7cc
degen-r50-m20-d0.01-p0,500,SBB-Dual,1e-7*n,1.0e-11,107,108,22.7603184,22.5636632,99.13597342293771,0.002711,0.0035311,0.00869,0.0,0.0,0.0,0.18172309999999858,0.7417370629744376,8.84924865760323e-12,-1.1498324467097017e-14,4.796163466380676e-13,0.0,8.561964953546224e-12,4.796163466380676e-13,100.0,diag_feasible,0,0,0,0,0,0,107,9.129652250090709e-14,1.12.6,lbt,1,1,Intel(R) Core(TM) 7 150U,NT,2abc7cc
degen-r50-m20-d0.01-p0,500,Newton-SIN-BH,1e-7*n,4.9999999999999996e-5,4,5,1.4637272,1.0490678,71.67099169845311,0.0,0.0001651,0.0,0.4064463,0.0,0.0,0.008047999999999944,0.7417370629744549,2.2456285663268275e-12,-8.964707845014872e-15,3.6193270602780103e-14,3.6193270602780103e-14,1.790213885712024e-13,3.6193270602780103e-14,NaN,converged,22,22,0,0,0,0,4,9.129652250090709e-14,1.12.6,lbt,1,1,Intel(R) Core(TM) 7 150U,NT,2abc7cc
degen-r50-m20-d0.01-p0,500,Newton-SIN,1e-7*n,4.9999999999999996e-5,4,9,2.2502822,1.8521231,82.30625918829203,0.0,0.0001406,0.0,0.3898702,0.0,0.0,0.008148299999999997,0.7417370629744549,2.2456285663268275e-12,-8.964707845014872e-15,3.6193270602780103e-14,3.6193270602780103e-14,1.790213885712024e-13,3.6193270602780103e-14,NaN,converged,22,22,0,0,0,0,4,9.129652250090709e-14,1.12.6,lbt,1,1,Intel(R) Core(TM) 7 150U,NT,2abc7cc
degen-r50-m20-d0.01-p0,500,AGD-SDAJ-BH,1e-7*n,1.0e-11,8,64,13.940334,13.704033899999999,98.30491794529456,0.0,0.0019606,0.0,0.0,0.0,0.0,0.23433950000000112,0.7417370629798807,7.887229678866064e-12,-9.945501212270684e-15,1.2148060335448463e-12,1.2148060335448463e-12,2.4328311438793373e-12,1.2148060335448463e-12,NaN,diag_feasible,0,0,15,15,0,0,8,9.129652250090709e-14,1.12.6,lbt,1,1,Intel(R) Core(TM) 7 150U,NT,2abc7cc
degen-r50-m20-d0.01-p0,500,AGD-SDAJ,1e-7*n,1.0e-11,8,65,14.0533469,13.9463667,99.23875642748135,0.0,0.0022914,0.0,0.0,0.0,0.0,0.10468879999999886,0.7417370629804912,8.429544547080103e-12,-1.0921028249700714e-14,1.3257173137048994e-12,1.3257173137048994e-12,2.683365054642697e-12,1.3257173137048994e-12,NaN,diag_feasible,0,0,16,15,1,0,8,9.129652250090709e-14,1.12.6,lbt,1,1,Intel(R) Core(TM) 7 150U,NT,2abc7cc
degen-r50-m20-d0.01-p0,500,Dykstra-APM,1e-7*n,4.9999999999999996e-5,224,224,54.9765161,48.1179369,87.52452922348785,0.0,0.0,0.0,0.0,3.6758884,0.0,3.1826908000000014,0.7417370629485893,3.150516728722524e-11,-1.09056362174932e-14,5.544453784978032e-13,5.544453784978032e-13,9.949272242298942e-12,5.544453784978032e-13,NaN,diag_feasible,0,0,0,0,0,0,224,9.129652250090709e-14,1.12.6,lbt,1,1,Intel(R) Core(TM) 7 150U,NT,2abc7cc
degen-r50-m20-d0.01-p0,500,Anderson-APM,1e-7*n,4.9999999999999996e-5,43,43,11.6154037,8.9344731,76.9191784526611,0.0,0.0,0.0,0.0,0.0,2.3757371,0.3051935000000001,0.7417370629796607,1.409003044446474e-11,-1.1027119463604024e-14,1.7074119895710282e-12,1.7074119895710282e-12,5.57780754177038e-12,1.7074119895710282e-12,NaN,diag_feasible,0,0,0,0,0,0,43,9.129652250090709e-14,1.12.6,lbt,1,1,Intel(R) Core(TM) 7 150U,NT,2abc7cc
degen-r50-m20-d0-p0,500,SBB-Dual,1e-7*n,1.0e-11,91,92,21.6373037,21.3297841,98.57875267517737,0.0021348,0.002939,0.0122224,0.0,0.0,0.0,0.2902233999999991,0.7603362276675879,1.1585240568304464e-11,-8.643542594441949e-15,5.566658245470535e-13,0.0,8.192019559649683e-12,5.566658245470535e-13,100.0,diag_feasible,0,0,0,0,0,0,91,6.6153363493263e-14,1.12.6,lbt,1,1,Intel(R) Core(TM) 7 150U,NT,2abc7cc
degen-r50-m20-d0-p0,500,Newton-SIN-BH,1e-7*n,4.9999999999999996e-5,4,5,1.6925521,1.1379548,67.23307365250382,0.0,0.0002484,0.0,0.5456203,0.0,0.0,0.008728599999999975,0.7603362276675684,3.011013664417483e-12,-9.614831798781916e-15,1.2856382625159313e-13,1.2856382625159313e-13,3.2128617104527453e-13,1.2856382625159313e-13,NaN,converged,25,25,0,0,0,0,4,6.6153363493263e-14,1.12.6,lbt,1,1,Intel(R) Core(TM) 7 150U,NT,2abc7cc
degen-r50-m20-d0-p0,500,Newton-SIN,1e-7*n,4.9999999999999996e-5,4,9,2.2394099,1.771561,79.1083847579668,0.0,0.0001109,0.0,0.4598138,0.0,0.0,0.007924200000000103,0.7603362276675684,3.011013664417483e-12,-9.614831798781916e-15,1.2856382625159313e-13,1.2856382625159313e-13,3.2128617104527453e-13,1.2856382625159313e-13,NaN,converged,25,25,0,0,0,0,4,6.6153363493263e-14,1.12.6,lbt,1,1,Intel(R) Core(TM) 7 150U,NT,2abc7cc
degen-r50-m20-d0-p0,500,AGD-SDAJ-BH,1e-7*n,1.0e-11,12,108,23.8230311,23.0980962,96.9569997329181,0.0,0.0032767,0.0,0.0,0.0,0.0,0.7216582000000009,0.7603362276872292,2.6078024038102474e-11,-9.904673098541207e-15,2.1215251777562116e-12,2.1215251777562116e-12,8.650142386884218e-12,2.1215251777562116e-12,NaN,diag_feasible,0,0,35,35,0,0,12,6.6153363493263e-14,1.12.6,lbt,1,1,Intel(R) Core(TM) 7 150U,NT,2abc7cc
degen-r50-m20-d0-p0,500,AGD-SDAJ,1e-7*n,1.0e-11,12,117,27.4744162,26.7215383,97.2597128378655,0.0,0.0043566,0.0,0.0,0.0,0.0,0.7485213000000014,0.7603362276840094,2.4614469483260822e-11,-1.0569279506515151e-14,5.521028079158441e-12,5.521028079158441e-12,9.074678854273049e-12,5.521028079158441e-12,NaN,diag_feasible_at_xpre,0,0,48,32,16,0,12,6.6153363493263e-14,1.12.6,lbt,1,1,Intel(R) Core(TM) 7 150U,NT,2abc7cc
degen-r50-m20-d0-p0,500,Dykstra-APM,1e-7*n,4.9999999999999996e-5,193,193,54.3543352,47.6324728,87.63325432043919,0.0,0.0,0.0,0.0,4.6053982,0.0,2.1164641999999994,0.7603362276456063,2.6380033681596812e-11,-8.838607344194896e-15,6.123990203832363e-13,6.123990203832363e-13,8.994407591853047e-12,6.123990203832363e-13,NaN,diag_feasible,0,0,0,0,0,0,193,6.6153363493263e-14,1.12.6,lbt,1,1,Intel(R) Core(TM) 7 150U,NT,2abc7cc
degen-r50-m20-d0-p0,500,Anderson-APM,1e-7*n,4.9999999999999996e-5,46,46,13.063296,10.0263968,76.7524275649882,0.0,0.0,0.0,0.0,0.0,2.6905361,0.3463630999999987,0.7603362276777621,2.1483369665596947e-11,-9.74662192507462e-15,1.971089957919503e-12,1.971089957919503e-12,8.31238886339149e-12,1.971089957919503e-12,NaN,diag_feasible,0,0,0,0,0,0,46,6.6153363493263e-14,1.12.6,lbt,1,1,Intel(R) Core(TM) 7 150U,NT,2abc7cc
