0	thesiskkt-r50-m1-d0-p0	2105	117161137a052b11cd3c3265752f35cf
1	thesiskkt-r50-m1-d0-p1	2105	bcece8cc3788ce06b1d24770207fa35b
2	thesiskkt-r50-m20-d0-p0	2105	9d7b40e9c7b6d147dadcf3c138a0b454
3	thesiskkt-r50-m20-d0-p1	2105	b973df39765efb6666a9a5c15b5eace8
4	thesiskkt-r100-m1-d0-p0	2105	15213c3c4ba145dbfce41c0b5d7387ec
5	thesiskkt-r100-m1-d0-p1	2105	99983e5fa7d86ac4ced9c9c015b8ac36
6	thesiskkt-r100-m20-d0-p0	2105	47d19c47c0d7bbd723c6fcc6cc4afb7c
7	thesiskkt-r100-m20-d0-p1	2105	513d95e815bcba260bcf591061ce6520
8	thesiskkt-r200-m1-d0-p0	2105	b687513cab60e433b79b121e444c28ba
9	thesiskkt-r200-m1-d0-p1	2105	450bafb7334781b34aef3e430840c18e
10	thesiskkt-r200-m20-d0-p0	2105	b3a635e54a04bbb36cfcee8cc27b8608
11	thesiskkt-r200-m20-d0-p1	2105	c4aa2eeb412691b8f99f29e8ff728a33
12	thesiskkt-r400-m1-d0-p0	2105	c110d9a8ef266f613f96082902d9f790
13	thesiskkt-r400-m1-d0-p1	2105	628ab4c759021580f3695ad1c4450f76
14	thesiskkt-r400-m20-d0-p0	2105	10af045acf2d9c973f41c14c1653a8c4
15	thesiskkt-r400-m20-d0-p1	2105	362a69867cedb2cdf60f505570e76cb6
