idx,name,n,sigma,replicate,seed,lambda_min_C,lambda_min_G,negative_eigenvalues,clipped_entries,perturbation_fro
0,thesis-s0.005-r0,550,0.005,0,20260912,0.019197685239103927,-0.09728706347593588,59,0,2.7487582135317954
1,thesis-s0.005-r1,550,0.005,1,20260913,0.019197685239103927,-0.09344642511786541,59,0,2.7477214582959464
2,thesis-s0.005-r2,550,0.005,2,20260914,0.019197685239103927,-0.0984554853347693,59,0,2.744576675108813
3,thesis-s0.005-r3,550,0.005,3,20260915,0.019197685239103927,-0.09440314778607892,59,0,2.7511430798364516
4,thesis-s0.005-r4,550,0.005,4,20260916,0.019197685239103927,-0.09572786631561869,60,0,2.752255833970391
5,thesis-s0.01-r0,550,0.01,0,20261912,0.019197685239103927,-0.2778721346415573,112,0,5.495245352725835
6,thesis-s0.01-r1,550,0.01,1,20261913,0.019197685239103927,-0.27407984381452366,111,0,5.502118274365417
7,thesis-s0.01-r2,550,0.01,2,20261914,0.019197685239103927,-0.2749905550532223,113,0,5.49980398715685
8,thesis-s0.01-r3,550,0.01,3,20261915,0.019197685239103927,-0.2739767579862437,112,0,5.502939902888146
9,thesis-s0.01-r4,550,0.01,4,20261916,0.019197685239103927,-0.27823470581622534,111,0,5.493569246398696
10,thesis-s0.03-r0,550,0.03,0,20262912,0.019197685239103927,-1.145094296953503,190,0,16.45265442112227
11,thesis-s0.03-r1,550,0.03,1,20262913,0.019197685239103927,-1.0979457773087935,191,0,16.499552747954212
12,thesis-s0.03-r2,550,0.03,2,20262914,0.019197685239103927,-1.094997625844718,190,0,16.473422293334856
13,thesis-s0.03-r3,550,0.03,3,20262915,0.019197685239103927,-1.1069054455319554,189,0,16.461200861704818
14,thesis-s0.03-r4,550,0.03,4,20262916,0.019197685239103927,-1.1218650279148161,189,0,16.456089202915305
15,thesis-s0.1-r0,550,0.1,0,20263912,0.019197685239103927,-4.244865133440928,242,28,55.07911437069251
16,thesis-s0.1-r1,550,0.1,1,20263913,0.019197685239103927,-4.231389660463822,241,36,54.903749803351246
17,thesis-s0.1-r2,550,0.1,2,20263914,0.019197685239103927,-4.2752406795354885,240,28,54.88491486395954
18,thesis-s0.1-r3,550,0.1,3,20263915,0.019197685239103927,-4.253686405069908,240,38,54.92900663300143
19,thesis-s0.1-r4,550,0.1,4,20263916,0.019197685239103927,-4.269377535411518,243,40,55.04858725734666
