0	thesis-s0.005-r0	550	ad3f7fba4a70300c28d31356e22dd856
1	thesis-s0.005-r1	550	3117b68db80697dae6a6fd3ec9b50f85
2	thesis-s0.005-r2	550	d8209228750c674910d983465f4b2185
3	thesis-s0.005-r3	550	9e07cf1e011db44fe416e90f7d0e6eb1
4	thesis-s0.005-r4	550	b7bcec999fa8ded583b4a8763462c0de
5	thesis-s0.01-r0	550	3cd756d5628fb3dc9d1972d60adf6bd3
6	thesis-s0.01-r1	550	5353ca583c54d3bfd9ed95ee6b6e6380
7	thesis-s0.01-r2	550	9adbd0cf1c10a352950754386a2e8d09
8	thesis-s0.01-r3	550	873a363937ab8c108bed66ae781afb08
9	thesis-s0.01-r4	550	fa697fed10a2ec8cd87ee415e998316a
10	thesis-s0.03-r0	550	33f14185f9fce19b9feabce47f659cdf
11	thesis-s0.03-r1	550	f64d3c9a1b03492f455427a0f35e3ff0
12	thesis-s0.03-r2	550	2b1654b2c6bc5c15dbbd7be7ebc87caa
13	thesis-s0.03-r3	550	79e50c1363cb6f86285fb999077bb9d1
14	thesis-s0.03-r4	550	46ffc3a636c1766cf742294dd4f32d1c
15	thesis-s0.1-r0	550	236fa07fcea03d0d917d3a8147b8cb4a
16	thesis-s0.1-r1	550	1ba33a652c07ffdbc51e19a9ecae5994
17	thesis-s0.1-r2	550	716218c37c63b0d85515fd02af5a5d29
18	thesis-s0.1-r3	550	5b2f54174e1efa337045bf5263b3fd75
19	thesis-s0.1-r4	550	b2ab17d3bad5679323d35b591b6b858e
